id,first_name,last_name,email,gender,joined_on,salery,role
1,Rorke,Beastall,rbeastall0@house.gov,Male,6/23/2018,21855,System Admin
2,Susanna,Janson,sjanson1@g.co,Female,10/12/2012,74019,Tech Lead
3,Kim,Daintith,kdaintith2@yelp.com,Male,11/23/2013,13246,SE1
4,Filide,Braksper,fbraksper3@psu.edu,Female,10/15/2021,65144,SSE1
5,Britteny,Pandey,bpandey4@ocn.ne.jp,Female,11/28/2014,41541,System Admin
6,Twila,Duckels,tduckels5@forbes.com,Female,1/2/2015,28358,SE1
7,Rowe,Steptow,rsteptow6@boston.com,Female,7/11/2018,10587,SSE2
8,Daria,Mansfield,dmansfield7@chronoengine.com,Female,6/29/2015,24759,SSE2
9,Nicolas,De Domenicis,ndedomenicis8@bbb.org,Male,11/2/2014,17346,SSE2
10,Evelyn,Van Saltsberg,evansaltsberg9@fc2.com,Female,10/1/2016,59697,Tech Lead
11,Franciskus,Tillman,ftillmana@smugmug.com,Male,6/1/2017,41178,Salers Manager
12,Brice,Gallahar,bgallaharb@geocities.com,Male,3/29/2022,79781,Team Manager
13,Norrie,Bayldon,nbayldonc@oaic.gov.au,Male,8/30/2015,60059,SE3
14,Randi,Dukelow,rdukelowd@washington.edu,Male,3/27/2014,29004,SE1
15,Sapphire,Mintoff,smintoffe@stanford.edu,Female,2/6/2018,58324,Team Manager
16,Alexandre,Pressey,apresseyf@nasa.gov,Male,8/4/2017,37422,SE3
17,Jerrie,Tinkler,jtinklerg@zimbio.com,Male,11/9/2013,47168,Tech Lead
18,Franchot,Raithbie,fraithbieh@google.com.br,Male,7/31/2016,36024,Team Manager
19,Hesther,Casely,hcaselyi@webs.com,Female,5/11/2019,60226,Accountant
20,Merwin,Hawarden,mhawardenj@imgur.com,Male,2/5/2015,52978,Team Manager
21,Arty,Philcock,aphilcockk@nymag.com,Male,3/12/2022,58995,SE2
22,Chan,Woltering,cwolteringl@blogtalkradio.com,Male,2/6/2020,66995,SSE2
23,Milo,McGenn,mmcgennm@goo.gl,Male,11/4/2014,87721,Accountant
24,Humbert,McKeighen,hmckeighenn@angelfire.com,Male,4/4/2017,60529,SSE1
25,Ritchie,Ivancevic,rivancevico@google.co.jp,Male,6/18/2019,43611,Salers Manager
26,Duke,Leigh,dleighp@yellowbook.com,Male,5/31/2013,59270,Accountant
27,Dreddy,Sicely,dsicelyq@omniture.com,Female,12/3/2018,23334,Accountant
28,Tudor,Kruschov,tkruschovr@bloomberg.com,Male,10/25/2013,36812,SE3
29,Demetri,Surguine,dsurguines@yahoo.co.jp,Male,5/8/2016,96597,Tech Lead
30,Osborne,Cadd,ocaddt@w3.org,Male,3/22/2017,83351,SSE1
31,Magdalene,Leverette,mleveretteu@epa.gov,Female,1/26/2021,66319,SE2
32,Maryanne,MacParland,mmacparlandv@time.com,Female,6/19/2017,40853,SSE2
33,Jacinta,Sumpter,jsumpterw@t.co,Female,2/24/2020,92290,Salers Manager
34,Lanny,Skehan,lskehanx@i2i.jp,Female,12/19/2019,60191,Team Manager
35,Woodman,McCreagh,wmccreaghy@wp.com,Male,6/21/2019,57492,SE3
36,Fulvia,Beades,fbeadesz@alibaba.com,Female,6/3/2013,74496,System Admin
37,Natalya,Gowling,ngowling10@army.mil,Female,4/9/2022,12693,SE3
38,Juline,Bosher,jbosher11@comsenz.com,Female,3/18/2016,45792,SSE2
39,Piggy,O'Callaghan,pocallaghan12@feedburner.com,Male,7/30/2022,91132,Accountant
40,Uri,Altham,ualtham13@phoca.cz,Male,11/22/2013,48217,SSE1
41,Noak,Dannett,ndannett14@mapquest.com,Male,,,
42,Malorie,Fogt,mfogt15@merriam-webster.com,Female,8/9/2017,97943,SSE2
43,Paquito,Mallabon,pmallabon16@latimes.com,Male,6/26/2014,76936,Tech Lead
44,Heywood,Wiltshaw,hwiltshaw17@sitemeter.com,Male,2/12/2019,53265,SSE2
45,Talya,Kingzet,tkingzet18@webeden.co.uk,Female,10/4/2013,35377,SSE1
46,Spenser,Dunstone,sdunstone19@bbc.co.uk,Male,5/26/2021,79754,Salers Manager
47,Troy,Bestwerthick,tbestwerthick1a@usa.gov,Male,2/8/2021,94929,Salers Manager
48,Fanchon,Woollends,fwoollends1b@goo.ne.jp,Female,3/1/2022,38153,Project Manager
49,Hewie,Crellim,hcrellim1c@opensource.org,Male,3/31/2018,37786,Accountant
50,Osbourne,O'Lehane,oolehane1d@weibo.com,Male,2/20/2022,45846,Project Manager
51,Shane,Whelan,swhelan1e@mayoclinic.com,Female,,,
52,Stillman,Steely,ssteely1f@foxnews.com,Male,11/29/2017,88360,SSE1
53,Conney,Willwood,cwillwood1g@trellian.com,Male,8/5/2020,43922,Salers Manager
54,Ethelyn,Gawthorp,egawthorp1h@stumbleupon.com,Female,8/10/2022,60564,Salers Manager
55,Rosie,Jackalin,rjackalin1i@va.gov,Female,,,
56,Stephannie,Kenna,skenna1j@creativecommons.org,Female,10/25/2021,35346,SSE1
57,Odelinda,Goldberg,ogoldberg1k@washington.edu,Female,7/2/2020,70040,SSE1
58,Leeann,Krier,lkrier1l@toplist.cz,Female,3/9/2021,19644,SSE2
59,Corey,Worland,cworland1m@yellowpages.com,Male,5/2/2013,80968,SSE2
60,Haven,Grubb,hgrubb1n@google.fr,Male,4/4/2018,55337,SSE2
61,Merl,Petroselli,mpetroselli1o@toplist.cz,Female,3/12/2014,72220,Tech Lead
62,Teddy,Marciskewski,tmarciskewski1p@istockphoto.com,Female,5/25/2018,41296,SE3
63,Meg,Cobleigh,mcobleigh1q@webnode.com,Female,7/20/2019,53656,SE3
64,Glynis,Taffs,gtaffs1r@gmpg.org,Female,4/29/2020,50930,Salers Manager
65,Alyce,Paxforde,apaxforde1s@hexun.com,Female,7/2/2020,72840,System Admin
66,Lynnette,Baumert,lbaumert1t@yolasite.com,Female,11/28/2016,39423,Accountant
67,Alethea,Crimes,acrimes1u@fda.gov,Female,11/25/2014,50597,SSE2
68,Lenora,Mercer,lmercer1v@ameblo.jp,Female,8/1/2018,74658,System Admin
69,Corbie,Gotmann,cgotmann1w@furl.net,Male,8/26/2019,61158,SE3
70,Eben,Rowsell,erowsell1x@craigslist.org,Male,4/17/2014,37151,Salers Manager
71,Martica,Sibbons,msibbons1y@fotki.com,Female,8/16/2013,36271,SE1
72,Alia,Boost,aboost1z@craigslist.org,Female,3/4/2020,46269,Salers Manager
73,Wynnie,Faraker,wfaraker20@pbs.org,Female,1/9/2014,41509,System Admin
74,Fernandina,Pattemore,fpattemore21@ycombinator.com,Female,9/16/2021,69900,Accountant
75,Maren,Olliver,molliver22@youtu.be,Female,5/5/2013,84629,Accountant
76,Menard,Magowan,mmagowan23@trellian.com,Male,9/24/2019,68117,SE1
77,Nonie,Napier,nnapier24@feedburner.com,Female,5/31/2021,41826,Salers Manager
78,Gage,Minucci,gminucci25@army.mil,Male,12/31/2017,32083,System Admin
79,Micah,Oxenden,moxenden26@arizona.edu,Male,3/19/2021,48192,Salers Manager
80,Danice,Tomenson,dtomenson27@netlog.com,Female,8/27/2013,13380,SSE2
81,Derry,Haith,dhaith28@house.gov,Male,8/6/2019,12798,SSE1
82,Westley,Cheverell,wcheverell29@clickbank.net,Male,3/11/2020,14726,System Admin
83,Chrisse,Demeter,cdemeter2a@ifeng.com,Male,8/10/2020,31238,SE2
84,Percy,Waistell,pwaistell2b@ca.gov,Male,1/28/2021,75062,SE2
85,Mariejeanne,Flatt,mflatt2c@apple.com,Female,2/3/2021,86731,Salers Manager
86,Che,Nozzolinii,cnozzolinii2d@sohu.com,Male,9/5/2021,70266,SE1
87,Edyth,Londesborough,elondesborough2e@symantec.com,Female,1/29/2015,31835,Team Manager
88,Gabbie,Janata,gjanata2f@lulu.com,Male,10/28/2018,33891,SSE1
89,Adamo,Farnell,afarnell2g@google.ru,Male,1/26/2022,62888,SSE2
90,Delphine,Kliemchen,dkliemchen2h@yahoo.co.jp,Female,1/20/2020,64997,SE2
91,Allan,Brownlee,abrownlee2i@prlog.org,Male,4/21/2019,13072,Salers Manager
92,Querida,Arnson,qarnson2j@example.com,Female,4/30/2016,27665,Project Manager
93,Manda,Ubsdell,mubsdell2k@fotki.com,Female,10/20/2012,59976,Salers Manager
94,Shandra,Carren,scarren2l@youtube.com,Female,6/27/2015,30714,Project Manager
95,Patricio,Canto,pcanto2m@cocolog-nifty.com,Male,7/1/2020,35982,SE1
96,Rice,Knowler,rknowler2n@xing.com,Male,10/31/2012,15610,SSE2
97,Charlot,Domelaw,cdomelaw2o@yellowbook.com,Female,12/17/2018,76893,SSE1
98,Theresa,Deverson,tdeverson2p@dedecms.com,Female,9/26/2013,66912,SE3
99,Mahala,Bugdell,mbugdell2q@newyorker.com,Female,1/27/2018,94557,Tech Lead
100,Kipp,Offield,koffield2r@over-blog.com,Male,4/14/2020,98523,System Admin
101,Darby,Chill,dchill2s@blogtalkradio.com,Male,10/20/2015,98855,Tech Lead
102,Blanca,Lawrance,blawrance2t@phoca.cz,Female,3/5/2018,50389,Project Manager
103,Christie,Haddy,chaddy2u@ifeng.com,Male,10/19/2012,72719,Tech Lead
104,Miriam,Gammel,mgammel2v@macromedia.com,Female,3/15/2018,68028,Accountant
105,Ernst,Archbutt,earchbutt2w@plala.or.jp,Male,9/23/2020,76595,SSE1
106,Monah,Cometti,mcometti2x@chron.com,Female,11/5/2015,22580,Project Manager
107,Kris,Saggs,ksaggs2y@behance.net,Female,8/4/2020,62767,Tech Lead
108,Ev,Stit,estit2z@dot.gov,Male,5/24/2018,24048,Salers Manager
109,Kathrine,Carling,kcarling30@studiopress.com,Female,9/18/2017,73716,Team Manager
110,Lezlie,Dudill,ldudill31@instagram.com,Female,10/20/2016,27845,Project Manager
111,Phyllys,Kidds,pkidds32@tripod.com,Female,6/16/2017,15565,Project Manager
112,Juli,Parradice,jparradice33@ucoz.ru,Female,2/20/2021,44865,System Admin
113,Burtie,Sanchez,bsanchez34@over-blog.com,Male,7/3/2020,50439,Salers Manager
114,Bentley,Doughill,bdoughill35@nature.com,Male,3/3/2015,27172,SE1
115,Hakeem,Tarte,htarte36@diigo.com,Male,4/29/2016,17356,SE3
116,Stearn,McGivena,smcgivena37@tumblr.com,Male,2/8/2016,55650,SE1
117,Judye,Vanner,jvanner38@seesaa.net,Female,10/10/2021,62717,SSE2
118,Fulvia,Ahmed,fahmed39@liveinternet.ru,Female,1/24/2022,21482,SSE2
119,Omero,Jiggins,ojiggins3a@clickbank.net,Male,9/18/2014,63451,Accountant
120,Sandie,Camoys,scamoys3b@elegantthemes.com,Female,6/3/2019,81955,SE2
121,Wilbur,Kerfod,wkerfod3c@psu.edu,Male,2/17/2015,77977,SE1
122,Burnaby,Hawkshaw,bhawkshaw3d@utexas.edu,Male,5/25/2017,70362,System Admin
123,Elnore,Breukelman,ebreukelman3e@meetup.com,Female,5/7/2013,42273,SE3
124,Massimiliano,Jolliss,mjolliss3f@alexa.com,Male,1/31/2016,95518,SSE2
125,Rheta,Moralis,rmoralis3g@who.int,Female,11/9/2016,50429,Accountant
126,Mildred,Leggott,mleggott3h@mail.ru,Female,3/21/2014,99270,Tech Lead
127,Tammy,Arsnell,tarsnell3i@cbslocal.com,Male,5/14/2018,36338,Tech Lead
128,Jermaine,Managh,jmanagh3j@nature.com,Female,8/20/2021,43695,Accountant
129,Nanice,Glasson,nglasson3k@mac.com,Female,10/13/2018,86689,SE1
130,Othelia,Sellors,osellors3l@twitter.com,Female,9/13/2017,78788,Accountant
131,Julius,Titterington,jtitterington3m@senate.gov,Male,1/5/2018,54568,Project Manager
132,Dena,Martonfi,dmartonfi3n@icq.com,Female,12/27/2019,12529,Project Manager
133,Nye,Dudgeon,ndudgeon3o@wp.com,Male,9/14/2022,61124,Tech Lead
134,Jolie,Gant,jgant3p@spiegel.de,Female,1/31/2013,73050,Tech Lead
135,Xenia,Pristnor,xpristnor3q@g.co,Female,10/21/2019,12281,Tech Lead
136,Any,Monnoyer,amonnoyer3r@ask.com,Male,6/29/2018,18457,SSE1
137,Keane,Mertgen,kmertgen3s@twitter.com,Male,3/26/2020,80766,Project Manager
138,Wilie,Rapport,wrapport3t@photobucket.com,Female,7/21/2013,83541,System Admin
139,Ely,Coston,ecoston3u@vistaprint.com,Male,10/13/2020,39202,Team Manager
140,Andie,Plan,aplan3v@plala.or.jp,Male,11/2/2019,91404,System Admin
141,Lizbeth,Soldner,lsoldner3w@artisteer.com,Female,6/2/2013,85397,Team Manager
142,Marty,Hubatsch,mhubatsch3x@techcrunch.com,Female,11/1/2013,44557,Tech Lead
143,Goldi,Joss,gjoss3y@nih.gov,Female,10/20/2018,65062,SE2
144,Aldric,Geary,ageary3z@fema.gov,Male,7/12/2020,23917,Accountant
145,Elka,Jesty,ejesty40@studiopress.com,Female,4/26/2016,18155,SE2
146,Dennison,Mitchiner,dmitchiner41@wikia.com,Male,10/19/2016,73265,System Admin
147,Kathryne,Feldman,kfeldman42@google.de,Female,12/6/2014,60322,Tech Lead
148,Marketa,Maceur,mmaceur43@dyndns.org,Female,7/17/2022,89301,SE3
149,Niccolo,Shapero,nshapero44@surveymonkey.com,Male,6/27/2014,77882,SE3
150,Joell,Ricco,jricco45@bizjournals.com,Female,3/28/2022,69093,SSE2
151,Giselle,Muff,gmuff46@linkedin.com,Female,1/26/2013,23172,SE2
152,Lowe,Llop,lllop47@bloglovin.com,Male,1/31/2021,76810,Accountant
153,Gene,McQueen,gmcqueen48@hao123.com,Male,6/14/2018,17946,SE2
154,Nicky,Deaton,ndeaton49@hexun.com,Male,4/17/2017,44135,Accountant
155,Jeane,Godleman,jgodleman4a@amazon.co.uk,Female,3/17/2016,41955,SSE2
156,Dorry,Pallister,dpallister4b@squarespace.com,Female,6/9/2021,91520,SSE1
157,Kynthia,O'Mara,komara4c@nationalgeographic.com,Female,10/13/2020,45066,Team Manager
158,Adelaide,Jannequin,ajannequin4d@webs.com,Female,4/29/2022,22332,Salers Manager
159,Grove,Pudsey,gpudsey4e@a8.net,Male,4/2/2019,69149,Team Manager
160,Elnore,Ledington,eledington4f@reuters.com,Female,3/22/2021,51343,SE3
161,Gaultiero,Pods,gpods4g@ucla.edu,Male,4/10/2020,35298,Accountant
162,Deana,Hulse,dhulse4h@yellowpages.com,Female,3/10/2013,31766,System Admin
163,Daron,Sharpe,dsharpe4i@shareasale.com,Male,4/10/2017,44455,Team Manager
164,Adeline,Ansty,aansty4j@people.com.cn,Female,7/15/2017,57151,SE3
165,Myron,Myrick,mmyrick4k@angelfire.com,Male,12/4/2021,56817,Project Manager
166,Padriac,Reuven,preuven4l@house.gov,Male,5/21/2016,90273,SE3
167,Dominique,Gerrett,dgerrett4m@gnu.org,Male,9/26/2020,98793,SE2
168,Lancelot,Yeardley,lyeardley4n@fastcompany.com,Male,6/7/2020,36676,Team Manager
169,Kissiah,Philipot,kphilipot4o@microsoft.com,Female,5/2/2016,58983,SE3
170,Julian,Tirkin,jtirkin4p@salon.com,Male,2/3/2021,64808,Salers Manager
171,Talyah,Valler,tvaller4q@disqus.com,Female,1/24/2016,40479,Salers Manager
172,Arv,Mussared,amussared4r@japanpost.jp,Male,5/24/2018,68114,Team Manager
173,Henrie,Rudkin,hrudkin4s@purevolume.com,Female,3/2/2015,95957,SSE1
174,Eba,Ogborn,eogborn4t@mapquest.com,Female,1/13/2015,20680,Accountant
175,Jone,Lukianovich,jlukianovich4u@fema.gov,Male,7/18/2018,76046,SE1
176,Shauna,Chattock,schattock4v@marriott.com,Female,7/15/2020,94136,Tech Lead
177,Carina,Maile,cmaile4w@apache.org,Female,9/21/2020,38051,Tech Lead
178,Aylmer,Trowbridge,atrowbridge4x@blogtalkradio.com,Male,10/29/2019,22324,System Admin
179,Valentine,Vevers,vvevers4y@shareasale.com,Female,8/22/2017,88633,Accountant
180,Celie,Chadbourne,cchadbourne4z@macromedia.com,Female,4/19/2015,82110,SE1
181,Artemas,Munt,amunt50@domainmarket.com,Male,7/5/2019,92274,SSE2
182,Rey,Trodd,rtrodd51@ycombinator.com,Female,3/3/2017,58377,Team Manager
183,Colette,Dumigan,cdumigan52@cdc.gov,Female,4/16/2020,50905,SSE2
184,Dulcia,Aitkenhead,daitkenhead53@whitehouse.gov,Female,4/12/2013,32862,Salers Manager
185,Agosto,Farherty,afarherty54@purevolume.com,Male,9/12/2016,33617,SSE2
186,Karel,Manshaw,kmanshaw55@prlog.org,Male,9/27/2022,74817,Salers Manager
187,Bernie,Dunkinson,bdunkinson56@samsung.com,Female,8/26/2013,72704,SE3
188,Talbot,Georgeau,tgeorgeau57@yahoo.co.jp,Male,5/11/2020,25360,SE2
189,Nicki,Willarton,nwillarton58@springer.com,Female,4/8/2014,66753,SE3
190,Emmeline,Morrell,emorrell59@sakura.ne.jp,Female,11/2/2013,22100,SSE1
191,Dominique,Stanning,dstanning5a@cocolog-nifty.com,Female,9/13/2022,30174,SE3
192,Ransom,Mawhinney,rmawhinney5b@cnet.com,Male,5/4/2018,89647,SE1
193,Paola,Penson,ppenson5c@cnbc.com,Female,2/15/2014,19325,Salers Manager
194,Callida,Jex,cjex5d@bloglovin.com,Female,7/2/2019,44255,SSE1
195,Jason,Holsall,jholsall5e@infoseek.co.jp,Male,,,
196,Dorie,Sieur,dsieur5f@smh.com.au,Female,12/20/2018,66419,System Admin
197,Rasla,Crat,rcrat5g@drupal.org,Female,2/7/2018,96120,SE3
198,Brook,Kerans,bkerans5h@bandcamp.com,Female,7/31/2016,68609,SSE2
199,Kalle,Tumilson,ktumilson5i@miitbeian.gov.cn,Male,4/14/2018,34348,SE2
200,Fielding,Pelman,fpelman5j@abc.net.au,Male,6/30/2013,34420,SE2
201,Cordula,Ashman,cashman5k@webeden.co.uk,Female,5/23/2020,97948,Project Manager
202,Alanah,Yeskov,ayeskov5l@google.it,Female,4/24/2015,84807,Salers Manager
203,Wake,Vallow,wvallow5m@dmoz.org,Male,3/15/2019,61045,SE1
204,Renae,Shaves,rshaves5n@uiuc.edu,Female,1/7/2019,29965,SSE1
205,Rose,Marner,rmarner5o@reddit.com,Female,10/14/2014,56808,Accountant
206,Roman,Clayworth,rclayworth5p@bizjournals.com,Male,6/1/2015,27610,SE2
207,Diena,Farquarson,dfarquarson5q@chicagotribune.com,Female,1/29/2015,25378,System Admin
208,Marty,Oboy,moboy5r@dedecms.com,Male,9/5/2014,98198,Team Manager
209,Kate,Morde,kmorde5s@squidoo.com,Female,4/30/2019,55993,Team Manager
210,Lindsey,McCrudden,lmccrudden5t@nymag.com,Male,12/15/2013,42554,SE1
211,Isadora,Breens,ibreens5u@hugedomains.com,Female,1/15/2016,79323,Accountant
212,Halette,Cowland,hcowland5v@ucoz.com,Female,12/7/2014,14505,Team Manager
213,Valerye,Whisby,vwhisby5w@paypal.com,Female,11/23/2017,58234,Accountant
214,Karen,Cowp,kcowp5x@acquirethisname.com,Female,3/18/2020,75791,SSE1
215,Jo,Stoddard,jstoddard5y@ihg.com,Male,7/3/2015,35806,SSE1
216,Torrence,Poile,tpoile5z@dion.ne.jp,Male,12/9/2016,47721,SSE1
217,Nevin,Pietruszka,npietruszka60@amazon.co.uk,Male,3/28/2013,76151,SSE1
218,Selinda,Mewitt,smewitt61@businesswire.com,Female,8/15/2020,79097,System Admin
219,Elnar,Engel,eengel62@naver.com,Male,5/26/2021,60546,Project Manager
220,Rolland,O' Flaherty,roflaherty63@prnewswire.com,Male,7/20/2017,79206,SSE2
221,Bertrand,Milley,bmilley64@shinystat.com,Male,6/8/2018,23470,Project Manager
222,Kinnie,Bompas,kbompas65@phoca.cz,Male,2/17/2020,30880,Tech Lead
223,Fanny,Birkin,fbirkin66@chronoengine.com,Female,8/27/2020,79963,SSE2
224,Brockie,Graeme,bgraeme67@blog.com,Male,12/8/2012,46004,Team Manager
225,Benny,Kelsall,bkelsall68@privacy.gov.au,Female,10/19/2018,30223,SSE1
226,Chickie,Ebi,cebi69@baidu.com,Male,8/4/2022,96796,SE1
227,Major,Mouser,mmouser6a@reuters.com,Male,12/1/2012,70852,SSE1
228,Thedric,Kehri,tkehri6b@about.com,Male,7/9/2017,33264,Salers Manager
229,Eleanora,Thomsson,ethomsson6c@auda.org.au,Female,4/3/2018,19961,System Admin
230,Saundra,Pavy,spavy6d@mediafire.com,Male,5/28/2020,76030,SE1
231,Abbot,Roze,aroze6e@sakura.ne.jp,Male,12/16/2012,12493,Tech Lead
232,Merill,Shorte,mshorte6f@java.com,Male,12/12/2018,83622,SSE2
233,Frederich,Peet,fpeet6g@google.cn,Male,12/26/2019,16752,Project Manager
234,Korney,Crowcher,kcrowcher6h@dedecms.com,Female,12/24/2021,54037,Tech Lead
235,Oran,Labusch,olabusch6i@state.gov,Male,4/19/2018,27600,Team Manager
236,Pip,Brideaux,pbrideaux6j@google.com,Male,10/2/2020,87418,Team Manager
237,Krisha,Ockwell,kockwell6k@jimdo.com,Male,2/14/2022,79520,SSE1
238,Una,Whitehouse,uwhitehouse6l@harvard.edu,Female,9/12/2016,86142,Salers Manager
239,Melisenda,Ivanilov,mivanilov6m@ted.com,Female,7/28/2022,19368,SE1
240,Torre,Halliday,thalliday6n@webeden.co.uk,Male,2/26/2017,37527,Salers Manager
241,Currey,Bree,cbree6o@google.com.br,Male,10/12/2021,92472,SE3
242,Mozes,Fennelow,mfennelow6p@tinyurl.com,Male,1/30/2014,28428,Accountant
243,Amalita,Scotsbrook,ascotsbrook6q@indiegogo.com,Female,10/9/2021,20554,Tech Lead
244,Melvyn,Kira,mkira6r@pcworld.com,Male,8/16/2019,22468,SE1
245,Carly,Rzehorz,crzehorz6s@sogou.com,Female,5/28/2022,71806,SE3
246,Nicola,Dahlberg,ndahlberg6t@typepad.com,Female,,,
247,Chloette,Calafate,ccalafate6u@ibm.com,Female,11/23/2017,17017,SSE2
248,Laurene,Marsham,lmarsham6v@4shared.com,Female,4/18/2022,92865,System Admin
249,Esme,Lakes,elakes6w@themeforest.net,Male,12/13/2015,90092,SE2
250,Marylee,Jindrich,mjindrich6x@cdc.gov,Female,1/18/2022,94927,SE1
251,Moselle,Tant,mtant6y@va.gov,Female,1/4/2016,74528,Accountant
252,Ber,Alp,balp6z@soundcloud.com,Male,10/10/2015,80624,Salers Manager
253,Liesa,Gormley,lgormley70@google.com.br,Female,12/25/2018,47174,Accountant
254,Umberto,Lockhart,ulockhart71@auda.org.au,Male,4/30/2016,84735,SSE2
255,Devlen,Phalip,dphalip72@dyndns.org,Male,5/17/2021,88758,SE2
256,Neil,Alliban,nalliban73@arstechnica.com,Male,5/25/2021,73819,SSE2
257,Aarika,MacCroary,amaccroary74@ca.gov,Female,2/10/2020,85650,SE2
258,Sheffie,Jerams,sjerams75@clickbank.net,Male,1/2/2020,73583,Salers Manager
259,Marris,Forstall,mforstall76@elegantthemes.com,Female,4/6/2015,26262,Team Manager
260,Randell,Harnett,rharnett77@bloglovin.com,Male,10/22/2014,74586,Team Manager
261,Nicolis,Fysh,nfysh78@hud.gov,Male,7/16/2014,40965,Tech Lead
262,Marney,Roskelley,mroskelley79@vimeo.com,Female,9/4/2013,39094,SSE2
263,Kaela,Matevushev,kmatevushev7a@homestead.com,Female,12/18/2017,24790,Project Manager
264,Korie,Sitlington,ksitlington7b@nature.com,Female,8/9/2017,67514,Salers Manager
265,Ivor,Paolini,ipaolini7c@freewebs.com,Male,11/14/2019,83542,SE3
266,Brockie,Packington,bpackington7d@apple.com,Male,4/2/2019,37192,Project Manager
267,Galen,Thorn,gthorn7e@merriam-webster.com,Male,6/19/2015,30798,SE3
268,Shawn,Jamary,sjamary7f@china.com.cn,Female,8/11/2016,74150,SE3
269,Petronille,Southall,psouthall7g@google.com.au,Female,9/24/2014,74655,Salers Manager
270,Joanie,Patten,jpatten7h@twitter.com,Female,3/13/2014,44491,Accountant
271,Libby,Josefsson,ljosefsson7i@disqus.com,Female,10/2/2019,18072,Team Manager
272,Maren,Jeannesson,mjeannesson7j@booking.com,Female,1/24/2018,63344,Project Manager
273,Zulema,Trembley,ztrembley7k@wired.com,Female,8/11/2015,31531,Accountant
274,Francklin,Itzak,fitzak7l@umich.edu,Male,1/14/2018,87847,Tech Lead
275,Annabell,Schutze,aschutze7m@dmoz.org,Female,3/25/2022,33449,SE2
276,Denver,Shale,dshale7n@archive.org,Male,11/9/2018,45876,Team Manager
277,Zabrina,Gurton,zgurton7o@nih.gov,Female,3/2/2021,79500,Salers Manager
278,Thomasine,Baxstar,tbaxstar7p@yahoo.com,Female,11/7/2021,37404,SE2
279,Graeme,Loachhead,gloachhead7q@wikispaces.com,Male,9/6/2014,10852,SE1
280,Nedi,Rolin,nrolin7r@cargocollective.com,Female,10/26/2012,10650,Accountant
281,Emlynn,Cords,ecords7s@stanford.edu,Female,2/28/2013,12461,SE1
282,Tibold,Hanmore,thanmore7t@lulu.com,Male,2/25/2015,99950,Project Manager
283,Vail,Allward,vallward7u@clickbank.net,Male,10/10/2014,46549,Tech Lead
284,Davide,Keppe,dkeppe7v@sohu.com,Male,11/17/2019,48182,System Admin
285,Garvin,Shelp,gshelp7w@miibeian.gov.cn,Male,2/6/2022,78613,SE2
286,Geri,Milward,gmilward7x@flickr.com,Male,,,
287,Doro,Debrick,ddebrick7y@comsenz.com,Female,5/3/2014,74818,System Admin
288,Tamarra,Purvis,tpurvis7z@chicagotribune.com,Female,7/10/2013,77204,SE2
289,Rory,Cornely,rcornely80@devhub.com,Male,7/27/2021,55361,SSE2
290,Douglas,Edling,dedling81@imdb.com,Male,7/8/2018,51534,SE2
291,Herrick,Sumsion,hsumsion82@nymag.com,Male,12/24/2021,94509,SSE1
292,Winfred,Hoyt,whoyt83@bravesites.com,Male,3/10/2018,47814,Accountant
293,Linnell,Pinckney,lpinckney84@ovh.net,Female,3/3/2021,88244,SSE1
294,Natty,Franklen,nfranklen85@squidoo.com,Male,5/30/2016,67758,SE1
295,Ingamar,De Miranda,idemiranda86@vistaprint.com,Male,2/17/2013,21122,SSE2
296,Bridie,Offell,boffell87@umn.edu,Female,,,
297,Tasha,Daborne,tdaborne88@blinklist.com,Female,12/5/2016,67098,Team Manager
298,Dougie,Bremley,dbremley89@linkedin.com,Male,,,
299,Ferrell,Drewitt,fdrewitt8a@nps.gov,Male,3/4/2016,12207,SE2
300,Jorry,Dounbare,jdounbare8b@people.com.cn,Female,5/12/2018,72335,SE3
301,Pat,Elfleet,pelfleet8c@elegantthemes.com,Male,7/7/2022,13693,Salers Manager
302,Benedicto,Duley,bduley8d@columbia.edu,Male,9/2/2014,24215,Accountant
303,Briggs,Kastel,bkastel8e@dailymotion.com,Male,5/14/2020,53801,SE1
304,Malissia,Musso,mmusso8f@alibaba.com,Female,5/4/2014,92479,SE3
305,Iosep,Cleef,icleef8g@cmu.edu,Male,7/25/2013,51051,SSE1
306,Amandy,Nicholls,anicholls8h@cnbc.com,Female,4/21/2016,82155,SE1
307,Claus,McPherson,cmcpherson8i@google.com,Male,10/15/2020,23101,SSE1
308,Nadine,O' Meara,nomeara8j@marriott.com,Female,4/20/2019,48144,SE1
309,Sutton,Merrick,smerrick8k@discuz.net,Male,4/2/2014,12382,Accountant
310,Maddie,Hew,mhew8l@nhs.uk,Male,8/29/2021,57280,Accountant
311,Douglas,Ravenscroftt,dravenscroftt8m@cnn.com,Male,7/31/2015,84229,Salers Manager
312,Marsha,Wattins,mwattins8n@buzzfeed.com,Female,4/25/2017,10856,SE1
313,Theodosia,Dyerson,tdyerson8o@shareasale.com,Female,10/8/2022,57185,Team Manager
314,Giuseppe,Peinton,gpeinton8p@upenn.edu,Male,2/3/2020,49441,Tech Lead
315,Bertram,Wicher,bwicher8q@twitter.com,Male,4/15/2016,24487,Accountant
316,Letitia,Meletti,lmeletti8r@bloglovin.com,Female,3/3/2014,45112,SSE1
317,Cammi,Goullee,cgoullee8s@liveinternet.ru,Female,7/22/2017,86399,Tech Lead
318,Deb,Jurgensen,djurgensen8t@techcrunch.com,Female,11/30/2012,13522,System Admin
319,Roth,Hawgood,rhawgood8u@princeton.edu,Male,4/21/2017,11901,Project Manager
320,Trenton,Jachtym,tjachtym8v@upenn.edu,Male,8/21/2019,76509,SSE1
321,Pearla,Limming,plimming8w@amazonaws.com,Female,3/14/2021,48466,SE1
322,Marlon,Brabant,mbrabant8x@livejournal.com,Male,7/4/2014,88805,System Admin
323,Alfie,Scorer,ascorer8y@xinhuanet.com,Male,1/14/2016,58600,Team Manager
324,Madelena,Shimmings,mshimmings8z@omniture.com,Female,10/7/2015,72638,Accountant
325,Byrom,Hellcat,bhellcat90@weebly.com,Male,2/3/2020,77911,Salers Manager
326,Adaline,Cutmore,acutmore91@techcrunch.com,Female,8/23/2017,41729,SE1
327,Berky,Boribal,bboribal92@alibaba.com,Male,7/8/2014,42823,Salers Manager
328,Arlette,Howson,ahowson93@twitpic.com,Female,5/17/2019,26118,Salers Manager
329,Patrice,Scones,pscones94@businessinsider.com,Male,3/26/2017,93150,SE2
330,Bell,Kobiela,bkobiela95@home.pl,Female,3/16/2014,16262,Project Manager
331,Tracee,Kruse,tkruse96@sina.com.cn,Female,12/12/2018,46153,Project Manager
332,Adria,Heine,aheine97@telegraph.co.uk,Female,3/12/2015,55497,Tech Lead
333,Cindy,Birtley,cbirtley98@slashdot.org,Female,7/31/2013,13831,Team Manager
334,Pavia,Fiveash,pfiveash99@smh.com.au,Female,5/5/2013,79075,Salers Manager
335,Pablo,Chismon,pchismon9a@virginia.edu,Male,12/28/2012,99791,Team Manager
336,Elspeth,Ellerey,eellerey9b@wiley.com,Female,3/18/2016,27118,Accountant
337,Colin,Filshin,cfilshin9c@salon.com,Male,4/3/2019,15975,SSE2
338,Averil,Vankeev,avankeev9d@va.gov,Male,2/11/2017,98913,Team Manager
339,Kynthia,Threadgill,kthreadgill9e@vimeo.com,Female,10/17/2019,79510,SE1
340,Daven,Worts,dworts9f@wikia.com,Male,6/3/2015,61716,System Admin
341,Perla,Fieldsend,pfieldsend9g@dropbox.com,Female,12/20/2012,47757,Accountant
342,Saxe,Tebbitt,stebbitt9h@usa.gov,Male,7/7/2016,66350,Accountant
343,Madison,Braxay,mbraxay9i@usatoday.com,Male,10/1/2016,89101,Project Manager
344,Teodorico,Oakly,toakly9j@yolasite.com,Male,7/11/2016,93511,SE3
345,Estella,Eaden,eeaden9k@g.co,Female,6/30/2017,17755,Salers Manager
346,Sallie,Foulis,sfoulis9l@google.es,Female,4/29/2013,70909,SSE2
347,Alford,Petti,apetti9m@imdb.com,Male,5/25/2018,19254,System Admin
348,Randie,Barlow,rbarlow9n@noaa.gov,Female,3/21/2015,76513,Accountant
349,Modestia,Linnemann,mlinnemann9o@usda.gov,Female,6/5/2021,27985,SSE1
350,Averil,Aylmore,aaylmore9p@gizmodo.com,Male,9/30/2022,94838,SE2
351,Talia,Liddiard,tliddiard9q@bluehost.com,Female,8/30/2021,84941,SSE1
352,Karlen,Burbudge,kburbudge9r@topsy.com,Female,12/21/2015,12255,SE2
353,Piper,Du Hamel,pduhamel9s@alexa.com,Female,8/14/2020,39467,SE1
354,Pierrette,Dargan,pdargan9t@china.com.cn,Female,11/7/2014,46525,SE3
355,Jobina,Scarse,jscarse9u@cocolog-nifty.com,Female,12/9/2018,28686,Salers Manager
356,Percival,McInteer,pmcinteer9v@1und1.de,Male,4/21/2017,90920,Salers Manager
357,Horton,Morphet,hmorphet9w@ca.gov,Male,4/19/2017,64791,Team Manager
358,Tara,Plummer,tplummer9x@mediafire.com,Female,2/3/2016,92307,Accountant
359,Dina,Beresfore,dberesfore9y@newsvine.com,Female,10/8/2018,42286,SE2
360,Simone,Doget,sdoget9z@admin.ch,Female,3/3/2013,46199,SSE2
361,Clayborne,English,cenglisha0@ftc.gov,Male,10/9/2015,55615,Team Manager
362,Dunc,Keyho,dkeyhoa1@goo.ne.jp,Male,4/18/2021,23600,SSE1
363,Ignace,Vanni,ivannia2@businessinsider.com,Male,9/15/2019,97381,SE3
364,Dodie,Course,dcoursea3@psu.edu,Female,2/5/2018,62958,SSE1
365,Jorgan,Deniseau,jdeniseaua4@livejournal.com,Male,8/29/2020,89365,Team Manager
366,Richart,Simenel,rsimenela5@state.tx.us,Male,3/6/2022,21731,System Admin
367,Dionis,Datte,ddattea6@so-net.ne.jp,Female,12/21/2021,87867,Team Manager
368,Patric,Haggerwood,phaggerwooda7@umich.edu,Male,12/20/2012,95572,SE3
369,Emyle,Hadwick,ehadwicka8@umn.edu,Female,8/8/2020,14805,SE3
370,Harriott,Sulley,hsulleya9@bloglovin.com,Female,6/16/2020,75133,SSE1
371,Candida,MacVean,cmacveanaa@independent.co.uk,Female,6/1/2015,99543,SSE2
372,Broderick,Whithorn,bwhithornab@noaa.gov,Male,4/21/2015,87348,Team Manager
373,Hedi,Scampion,hscampionac@dyndns.org,Female,9/30/2019,35360,SSE1
374,Berget,Mahomet,bmahometad@ted.com,Female,2/20/2017,79262,Project Manager
375,Broddie,Byles,bbylesae@google.nl,Male,4/18/2013,10651,SE1
376,Rusty,Halwill,rhalwillaf@hibu.com,Male,2/16/2015,98973,SE2
377,Dalila,Gristhwaite,dgristhwaiteag@fema.gov,Female,11/22/2018,37280,Tech Lead
378,Ceciley,Robatham,crobathamah@gizmodo.com,Female,1/6/2017,11644,System Admin
379,Prescott,Fawcus,pfawcusai@goodreads.com,Male,5/14/2018,64543,Project Manager
380,Gerek,Hadye,ghadyeaj@apple.com,Male,1/17/2016,11208,Accountant
381,Giles,Carass,gcarassak@diigo.com,Male,2/19/2019,91775,System Admin
382,Hyman,Jonin,hjoninal@rakuten.co.jp,Male,10/18/2013,92573,SE2
383,Herminia,Findon,hfindonam@etsy.com,Female,3/2/2019,49254,System Admin
384,Judy,Beades,jbeadesan@paginegialle.it,Female,9/3/2014,70798,Team Manager
385,Fredric,Shobrook,fshobrookao@mysql.com,Male,11/24/2020,13696,Team Manager
386,Haven,Patnelli,hpatnelliap@cloudflare.com,Male,10/20/2013,60989,SE2
387,Percy,Peatman,ppeatmanaq@php.net,Male,4/17/2022,82700,Tech Lead
388,Shepperd,Rusk,sruskar@wordpress.com,Male,6/17/2020,42689,Team Manager
389,Siffre,Allum,sallumas@slashdot.org,Male,1/29/2017,88066,Tech Lead
390,Montague,Congreave,mcongreaveat@yahoo.co.jp,Male,4/29/2019,13373,Accountant
391,Ber,MacCaughen,bmaccaughenau@shutterfly.com,Male,1/14/2020,12016,SE3
392,Ingrid,Chateau,ichateauav@360.cn,Female,7/27/2022,74427,Team Manager
393,Basilius,Smolan,bsmolanaw@tamu.edu,Male,9/30/2021,15719,Tech Lead
394,Adelind,Keys,akeysax@globo.com,Female,12/25/2015,92656,Team Manager
395,Kiele,Matkin,kmatkinay@admin.ch,Female,9/30/2018,96807,SE3
396,Ambrosio,Sidlow,asidlowaz@topsy.com,Male,10/2/2020,76702,SE2
397,Bob,Hurling,bhurlingb0@statcounter.com,Male,1/2/2016,95449,System Admin
398,Austin,Matijasevic,amatijasevicb1@biblegateway.com,Female,5/12/2017,92349,System Admin
399,Deeann,Hambidge,dhambidgeb2@house.gov,Female,4/23/2021,40125,SSE2
400,Stan,Carstairs,scarstairsb3@oaic.gov.au,Male,6/24/2021,57908,Tech Lead
401,Ulysses,Rathborne,urathborneb4@dell.com,Male,8/22/2022,44717,SSE1
402,Cathyleen,Ruberry,cruberryb5@ibm.com,Female,1/1/2016,86166,System Admin
403,Alfie,Buckberry,abuckberryb6@europa.eu,Female,1/21/2022,74466,Accountant
404,Yard,Jiroudek,yjiroudekb7@shutterfly.com,Male,5/9/2019,96854,System Admin
405,Ethan,Clawley,eclawleyb8@bigcartel.com,Male,6/4/2020,45224,Salers Manager
406,Delila,Dillintone,ddillintoneb9@eepurl.com,Female,1/25/2018,76741,SE1
407,Maisie,Franey,mfraneyba@guardian.co.uk,Female,2/1/2014,23444,SE3
408,Isaiah,Glanz,iglanzbb@ftc.gov,Male,5/11/2022,18264,Project Manager
409,Robinette,Scully,rscullybc@instagram.com,Female,2/21/2013,21110,SE3
410,Priscella,McCrystal,pmccrystalbd@php.net,Female,7/20/2022,41473,Accountant
411,Gwenore,Dumbelton,gdumbeltonbe@nydailynews.com,Female,5/12/2019,79665,SE1
412,Brod,Stuther,bstutherbf@google.cn,Male,6/27/2017,24261,SE2
413,Cassandry,Watson-Brown,cwatsonbrownbg@macromedia.com,Female,5/25/2015,43212,SE1
414,Lind,Pifford,lpiffordbh@scientificamerican.com,Male,2/18/2018,20363,Tech Lead
415,Cory,Pallesen,cpallesenbi@ehow.com,Female,11/22/2013,69346,Team Manager
416,Jaclyn,Meininger,jmeiningerbj@topsy.com,Female,12/17/2020,69166,SE2
417,Hans,Clothier,hclothierbk@yahoo.co.jp,Male,11/28/2015,99207,SSE1
418,Elwin,Salamon,esalamonbl@goo.gl,Male,6/29/2021,77326,SSE1
419,Johna,Juorio,jjuoriobm@latimes.com,Female,4/19/2016,28797,Team Manager
420,Phineas,Pignon,ppignonbn@netlog.com,Male,12/21/2014,60280,Team Manager
421,Anderson,Kleinpeltz,akleinpeltzbo@hexun.com,Male,4/20/2014,43669,SE1
422,Alvis,Heinssen,aheinssenbp@smugmug.com,Male,12/15/2014,58056,Salers Manager
423,Zolly,Sayre,zsayrebq@latimes.com,Male,10/3/2014,88737,System Admin
424,Essy,Bouldon,ebouldonbr@so-net.ne.jp,Female,4/15/2020,28984,System Admin
425,Gerta,Howling,ghowlingbs@upenn.edu,Female,1/25/2013,60618,SSE1
426,Merissa,Wickett,mwickettbt@ucoz.com,Female,2/9/2014,93538,Salers Manager
427,Merwyn,Drugan,mdruganbu@tmall.com,Male,9/5/2018,44973,Salers Manager
428,Emmi,Wittrington,ewittringtonbv@bandcamp.com,Female,2/11/2015,52443,Accountant
429,Wally,Stokey,wstokeybw@odnoklassniki.ru,Female,5/25/2016,74967,SE3
430,Glynn,Broddle,gbroddlebx@google.ca,Male,12/1/2019,85631,Tech Lead
431,Adamo,Heis,aheisby@list-manage.com,Male,6/9/2020,56089,SE3
432,Miltie,Kennford,mkennfordbz@prlog.org,Male,10/28/2017,52604,Project Manager
433,Elianore,O' Bee,eobeec0@webnode.com,Female,12/6/2012,64923,SSE1
434,Arny,Pigny,apignyc1@statcounter.com,Male,10/24/2014,20877,Project Manager
435,Catlee,McKinnon,cmckinnonc2@i2i.jp,Female,1/29/2014,22195,SE2
436,La verne,Raunds,lraundsc3@whitehouse.gov,Female,9/7/2017,89653,Accountant
437,Maurice,Glanister,mglanisterc4@icq.com,Male,9/18/2019,36472,Salers Manager
438,Cornall,Hazleton,chazletonc5@usatoday.com,Male,10/4/2015,98579,Accountant
439,Ninon,Yegorchenkov,nyegorchenkovc6@va.gov,Female,3/16/2018,49547,Tech Lead
440,Franciska,Shaw,fshawc7@senate.gov,Female,3/27/2013,80818,SE3
441,Dorotea,Nowak,dnowakc8@canalblog.com,Female,5/11/2020,85586,Accountant
442,Warde,Bente,wbentec9@cisco.com,Male,2/2/2022,69797,Salers Manager
443,Thacher,Parres,tparresca@japanpost.jp,Male,6/23/2022,32146,Project Manager
444,Abdul,Thaxter,athaxtercb@imageshack.us,Male,10/4/2021,73895,SE3
445,Yasmin,Haughan,yhaughancc@dell.com,Female,4/14/2018,68941,SE3
446,Jennilee,Severwright,jseverwrightcd@blogspot.com,Female,11/29/2015,29159,Team Manager
447,Lewie,Ferschke,lferschkece@smh.com.au,Male,3/12/2013,82256,SE3
448,Godfry,Epp,geppcf@free.fr,Male,8/30/2016,73428,SSE1
449,Beauregard,Mokes,bmokescg@google.nl,Male,10/26/2015,79070,SE1
450,Georgy,Silman,gsilmanch@house.gov,Male,4/26/2013,38179,SSE2
451,Brunhilde,Shevill,bshevillci@delicious.com,Female,9/17/2018,30896,Team Manager
452,Jeniffer,Henbury,jhenburycj@wikipedia.org,Female,3/17/2019,25855,SSE2
453,Hyatt,Fitzsimmons,hfitzsimmonsck@mozilla.org,Male,3/8/2022,59415,SSE1
454,Virge,Vicioso,vviciosocl@google.co.uk,Male,7/7/2022,91833,System Admin
455,Ravid,Palatino,rpalatinocm@twitpic.com,Male,11/20/2018,12152,SSE1
456,Wye,Savatier,wsavatiercn@toplist.cz,Male,11/23/2014,65805,Salers Manager
457,Bili,Stoneman,bstonemanco@skype.com,Female,9/26/2015,59081,Salers Manager
458,Trefor,Matthewman,tmatthewmancp@vinaora.com,Male,7/18/2017,68794,SE3
459,Pate,Wass,pwasscq@comcast.net,Male,4/16/2021,12218,SE1
460,Suzette,Rodda,sroddacr@hhs.gov,Female,1/27/2013,23486,SE1
461,Uriel,Morland,umorlandcs@1688.com,Male,9/6/2019,86625,Project Manager
462,Mile,Shutt,mshuttct@opera.com,Male,5/27/2013,29188,Project Manager
463,Misti,Gocher,mgochercu@godaddy.com,Female,5/9/2018,21313,Tech Lead
464,Anson,Hudd,ahuddcv@ucoz.com,Male,1/26/2019,54318,System Admin
465,Wadsworth,Divina,wdivinacw@flickr.com,Male,4/17/2021,58997,Salers Manager
466,Marcos,Bidgod,mbidgodcx@stumbleupon.com,Male,2/21/2020,41373,Accountant
467,Francesco,Forsaith,fforsaithcy@acquirethisname.com,Male,4/1/2020,96252,Accountant
468,Sayre,Turri,sturricz@fotki.com,Female,12/31/2021,36864,SE2
469,Ronny,Snailham,rsnailhamd0@army.mil,Female,11/16/2012,74007,Tech Lead
470,Angie,De La Salle,adelasalled1@behance.net,Male,11/10/2014,93093,Accountant
471,Sebastiano,MacSporran,smacsporrand2@histats.com,Male,2/15/2017,14976,SSE2
472,Bendick,Birtchnell,bbirtchnelld3@ucla.edu,Male,3/25/2017,75162,SSE1
473,Stefania,Prazor,sprazord4@google.ru,Female,3/17/2015,91354,Accountant
474,Godfry,MacCrackan,gmaccrackand5@techcrunch.com,Male,6/20/2021,67561,Salers Manager
475,Leesa,Eliaz,leliazd6@delicious.com,Female,12/26/2018,39093,System Admin
476,Trixie,Huge,thuged7@networksolutions.com,Female,6/9/2022,40658,SE3
477,Oswell,MacIntosh,omacintoshd8@ed.gov,Male,5/19/2018,28359,Accountant
478,Maura,De Biasio,mdebiasiod9@cafepress.com,Female,7/29/2020,34693,System Admin
479,Jermaine,Sekulla,jsekullada@seesaa.net,Female,2/13/2013,91794,SE2
480,Kelly,MacSkeaghan,kmacskeaghandb@psu.edu,Female,1/26/2020,93626,SSE1
481,Felipa,Gullefant,fgullefantdc@multiply.com,Female,10/25/2013,85108,Accountant
482,Stanleigh,Tolliday,stollidaydd@accuweather.com,Male,1/11/2022,46435,SSE2
483,Dotty,Begg,dbeggde@ihg.com,Female,1/31/2015,98916,SE1
484,Egan,Justice,ejusticedf@comsenz.com,Male,5/8/2014,90707,Tech Lead
485,Kakalina,Venus,kvenusdg@edublogs.org,Female,6/28/2016,31904,Tech Lead
486,Kerianne,Gircke,kgirckedh@theguardian.com,Female,7/7/2021,79479,SSE1
487,Nichols,Bargery,nbargerydi@ycombinator.com,Male,7/11/2016,51010,Tech Lead
488,Standford,Oakton,soaktondj@cloudflare.com,Male,7/15/2021,43363,Tech Lead
489,Timoteo,Croysdale,tcroysdaledk@narod.ru,Male,4/16/2018,84485,SE1
490,Gladys,Samper,gsamperdl@vkontakte.ru,Female,2/11/2015,25164,Project Manager
491,Eunice,Attle,eattledm@wordpress.com,Female,3/16/2017,27734,System Admin
492,Lowell,Zuan,lzuandn@archive.org,Male,1/4/2022,31676,SE3
493,Dani,Truelock,dtruelockdo@blogspot.com,Male,12/15/2019,95059,Team Manager
494,Mavis,McCooke,mmccookedp@photobucket.com,Female,7/18/2021,82557,Accountant
495,Meggie,Josefs,mjosefsdq@google.co.uk,Female,2/15/2016,18128,Tech Lead
496,Aile,Cooney,acooneydr@blog.com,Female,4/22/2019,60429,Tech Lead
497,Winn,Mannie,wmannieds@shareasale.com,Male,9/18/2014,70945,Project Manager
498,Jard,Sickling,jsicklingdt@squarespace.com,Male,10/16/2016,99988,SSE1
499,Ofella,Reijmers,oreijmersdu@e-recht24.de,Female,2/9/2013,62297,SSE1
500,Jessy,Dabrowski,jdabrowskidv@ifeng.com,Female,7/22/2016,60163,Tech Lead
501,Verena,Ofen,vofendw@diigo.com,Female,4/27/2015,24028,SE1
502,Gerianna,Eard,gearddx@wp.com,Female,4/1/2019,13605,Team Manager
503,Hunter,Sulter,hsulterdy@narod.ru,Male,8/18/2015,69799,SE2
504,Terence,Gurge,tgurgedz@princeton.edu,Male,6/10/2019,26583,SSE2
505,Jeth,Batey,jbateye0@hubpages.com,Male,10/11/2013,81489,SE2
506,Cort,Bohden,cbohdene1@booking.com,Male,5/20/2013,39281,Tech Lead
507,Dannel,Hollerin,dhollerine2@mashable.com,Male,3/22/2017,45816,Accountant
508,Collie,Hatwell,chatwelle3@google.co.uk,Female,11/10/2019,92106,SE1
509,Eberhard,Norrey,enorreye4@kickstarter.com,Male,2/10/2022,27117,Team Manager
510,Tobe,Stanwix,tstanwixe5@toplist.cz,Male,1/4/2019,57644,SE1
511,Sydney,Human,shumane6@addthis.com,Male,4/26/2016,88493,Team Manager
512,Ricca,Abbys,rabbyse7@apple.com,Female,9/28/2019,10172,Accountant
513,Erina,Kondratenya,ekondratenyae8@spiegel.de,Female,7/23/2022,93466,SSE2
514,Zora,Petti,zpettie9@ucoz.ru,Female,5/16/2015,35723,System Admin
515,Lane,Tierny,ltiernyea@ow.ly,Female,10/23/2017,72073,SE3
516,Ashleigh,Ferrierio,aferrierioeb@google.com.br,Female,12/30/2015,75546,Project Manager
517,Merna,Scarlett,mscarlettec@live.com,Female,1/30/2019,20025,Salers Manager
518,Bethanne,Birrel,bbirreled@opensource.org,Female,2/7/2015,64471,SE3
519,Shane,Bifield,sbifieldee@virginia.edu,Female,8/26/2013,70386,SE1
520,Holly,Boichat,hboichatef@mysql.com,Male,9/30/2017,86636,SSE1
521,Locke,Polack,lpolackeg@cpanel.net,Male,9/18/2013,52690,SSE1
522,Lyon,Dayley,ldayleyeh@blogtalkradio.com,Male,9/4/2014,66769,Salers Manager
523,Sargent,Olander,solanderei@tinypic.com,Male,6/3/2017,51931,Team Manager
524,Glenn,Whimper,gwhimperej@youtube.com,Male,10/27/2016,30761,Accountant
525,Cassandry,Woolvin,cwoolvinek@ehow.com,Female,1/11/2016,94298,SE1
526,Lucretia,Dykins,ldykinsel@huffingtonpost.com,Female,9/9/2022,69939,Salers Manager
527,Kizzie,Axworthy,kaxworthyem@independent.co.uk,Female,5/16/2021,37647,System Admin
528,Hobart,Chimes,hchimesen@earthlink.net,Male,3/8/2014,20054,System Admin
529,Archibald,Brigman,abrigmaneo@comcast.net,Male,7/29/2016,47323,System Admin
530,Sydney,Dorow,sdorowep@paypal.com,Male,8/25/2016,18399,SSE2
531,Munroe,Branigan,mbraniganeq@artisteer.com,Male,6/27/2015,56562,SSE2
532,Tabbie,O'Connolly,toconnollyer@cbc.ca,Female,12/17/2020,45603,SE2
533,Tiffy,Richardt,trichardtes@si.edu,Female,11/8/2015,36520,SE2
534,Elle,Vittery,evitteryet@ask.com,Female,2/24/2018,68291,SSE1
535,Shirleen,Barstowk,sbarstowkeu@yahoo.co.jp,Female,10/23/2016,16114,SE1
536,Warner,Shemmin,wshemminev@livejournal.com,Male,8/5/2020,24435,Salers Manager
537,Adelaide,O'Doohaine,aodoohaineew@alexa.com,Female,12/17/2018,54498,SSE2
538,Corabella,Gratten,cgrattenex@angelfire.com,Female,8/7/2021,52290,SE3
539,Garold,Rutherford,grutherfordey@yelp.com,Male,10/24/2017,76676,SE3
540,Donavon,Woolard,dwoolardez@java.com,Male,8/15/2021,90378,Accountant
541,Gene,Rucklidge,grucklidgef0@g.co,Male,3/6/2017,27945,SSE2
542,Charla,Tape,ctapef1@cafepress.com,Female,3/1/2022,29046,Tech Lead
543,Emyle,Dagnall,edagnallf2@about.com,Female,3/30/2022,27256,Accountant
544,Susann,Maplesden,smaplesdenf3@clickbank.net,Female,2/1/2019,48658,Team Manager
545,Dareen,Andrzejowski,dandrzejowskif4@businessweek.com,Female,7/22/2015,56732,Tech Lead
546,Ilyse,Wallis,iwallisf5@ameblo.jp,Female,5/10/2015,55909,System Admin
547,Eli,Autry,eautryf6@blinklist.com,Male,3/18/2020,19631,SSE2
548,Ralph,Merill,rmerillf7@eventbrite.com,Male,1/18/2018,75483,SE2
549,Tristam,Stringman,tstringmanf8@alibaba.com,Male,12/4/2019,13274,Tech Lead
550,Alain,Legg,aleggf9@people.com.cn,Male,8/9/2020,51192,Salers Manager
551,Clarke,Birnie,cbirniefa@netvibes.com,Male,1/12/2019,51441,Tech Lead
552,Mackenzie,Bruyntjes,mbruyntjesfb@purevolume.com,Male,1/6/2013,82118,SE1
553,Barn,Crinidge,bcrinidgefc@usgs.gov,Male,1/5/2021,34349,SE3
554,Gianina,Davie,gdaviefd@businessinsider.com,Female,1/31/2013,64432,Team Manager
555,Tomaso,Mursell,tmursellfe@lulu.com,Male,5/16/2014,88860,Accountant
556,Elwood,Webben,ewebbenff@shop-pro.jp,Male,12/18/2020,65584,Project Manager
557,Noam,Baldcock,nbaldcockfg@hostgator.com,Male,4/25/2018,12697,SSE1
558,Kylie,Cleator,kcleatorfh@ted.com,Female,1/17/2013,38080,SSE2
559,Patti,Ollier,pollierfi@bloglovin.com,Female,8/28/2019,26970,Accountant
560,Wenda,Coutts,wcouttsfj@discuz.net,Female,10/7/2016,85019,System Admin
561,Stillmann,Lipscombe,slipscombefk@alibaba.com,Male,2/19/2015,75840,SSE2
562,Magdalena,Jasiak,mjasiakfl@disqus.com,Female,4/13/2013,45621,System Admin
563,Brendan,Martins,bmartinsfm@php.net,Male,7/8/2017,15443,SSE1
564,Marcia,Gosart,mgosartfn@163.com,Female,4/5/2014,82187,Tech Lead
565,Odelle,Verlander,overlanderfo@ox.ac.uk,Female,9/1/2014,13167,Team Manager
566,Pat,Rodolphe,prodolphefp@macromedia.com,Female,8/31/2014,97436,Team Manager
567,Dayle,Plumley,dplumleyfq@wordpress.org,Female,3/14/2017,89871,Project Manager
568,Nils,Dows,ndowsfr@sfgate.com,Male,1/19/2014,10374,Tech Lead
569,Idelle,Muldrew,imuldrewfs@mozilla.com,Female,9/18/2019,65299,Project Manager
570,Franciska,Hawarden,fhawardenft@ucsd.edu,Female,10/29/2020,77477,System Admin
571,Bron,Ivakin,bivakinfu@google.de,Male,10/20/2017,76125,SE3
572,Cosimo,Ruggen,cruggenfv@sciencedirect.com,Male,7/22/2016,65853,SSE2
573,Elisabetta,Aleso,ealesofw@unicef.org,Female,3/21/2017,61665,Salers Manager
574,Gaylord,Wissby,gwissbyfx@ftc.gov,Male,6/20/2017,70723,SE1
575,Carly,Signoret,csignoretfy@reuters.com,Male,6/25/2019,96156,Accountant
576,Mikel,Winwood,mwinwoodfz@alibaba.com,Male,1/13/2014,41746,System Admin
577,Kassandra,Portam,kportamg0@businessinsider.com,Female,4/23/2015,28624,SE2
578,Terrye,Vergine,tvergineg1@hatena.ne.jp,Female,5/29/2014,10278,Tech Lead
579,Clywd,McKintosh,cmckintoshg2@hatena.ne.jp,Male,6/24/2019,59542,SE2
580,Torie,Gingold,tgingoldg3@mozilla.com,Female,2/3/2018,99313,Tech Lead
581,Marianne,Lymer,mlymerg4@skype.com,Female,6/29/2022,11643,Accountant
582,Freddy,Tiddeman,ftiddemang5@ebay.co.uk,Female,8/10/2013,57789,Tech Lead
583,Farrel,Clouter,fclouterg6@deviantart.com,Male,10/8/2017,18207,Team Manager
584,Stacee,Siviour,ssiviourg7@php.net,Female,8/18/2016,28611,Team Manager
585,Elianora,Anmore,eanmoreg8@gnu.org,Female,3/22/2022,72035,SE1
586,Ulla,Breewood,ubreewoodg9@nationalgeographic.com,Female,4/22/2013,14259,SE2
587,Kliment,Harrold,kharroldga@narod.ru,Male,3/4/2020,68720,System Admin
588,Gerik,Colbrun,gcolbrungb@yahoo.com,Male,1/20/2017,67142,Accountant
589,Daniele,McLaverty,dmclavertygc@webmd.com,Female,,,
590,Ric,Nanson,rnansongd@adobe.com,Male,4/19/2022,93646,SE1
591,Murvyn,Bortolini,mbortolinige@photobucket.com,Male,9/19/2020,33085,SE1
592,Violetta,Aldersey,valderseygf@dyndns.org,Female,6/19/2017,14207,SSE2
593,Nickolas,Egar,negargg@51.la,Male,11/8/2016,48002,SE3
594,Sam,Healy,shealygh@altervista.org,Male,10/31/2019,85539,Tech Lead
595,Levin,Work,lworkgi@google.com.br,Male,11/22/2016,11024,System Admin
596,Whit,Kuhndel,wkuhndelgj@gnu.org,Male,3/4/2017,55088,Team Manager
597,Leeland,Robertucci,lrobertuccigk@meetup.com,Male,11/30/2014,89985,Project Manager
598,Izak,Shakesbye,ishakesbyegl@sun.com,Male,5/20/2018,58840,SSE1
599,Marleen,Cockshutt,mcockshuttgm@illinois.edu,Female,6/6/2018,44496,SE1
600,Denise,Morrilly,dmorrillygn@diigo.com,Female,1/1/2021,80068,SSE2
601,Andris,Johansson,ajohanssongo@wikimedia.org,Male,12/19/2020,51617,SSE2
602,Bryon,Bridgement,bbridgementgp@g.co,Male,4/13/2017,29455,Salers Manager
603,Dare,Hayford,dhayfordgq@msu.edu,Male,12/21/2018,36622,Team Manager
604,Danna,Kilfeather,dkilfeathergr@nature.com,Female,,,
605,Nels,Barlthrop,nbarlthropgs@flavors.me,Male,11/6/2018,53499,Salers Manager
606,Borden,Swatten,bswattengt@exblog.jp,Male,8/25/2019,71919,System Admin
607,Kayley,Johns,kjohnsgu@alibaba.com,Female,1/18/2016,30117,Accountant
608,Vincents,Vasechkin,vvasechkingv@nhs.uk,Male,1/30/2014,63544,Salers Manager
609,Christoffer,Hurndall,churndallgw@examiner.com,Male,4/3/2016,29106,SSE2
610,Janean,Gert,jgertgx@ftc.gov,Female,9/22/2021,68383,Project Manager
611,Felic,MacAnespie,fmacanespiegy@twitpic.com,Male,2/19/2014,37409,Project Manager
612,Suzanna,Shambrooke,sshambrookegz@cbslocal.com,Female,7/26/2021,49059,SE2
613,Warde,Nickerson,wnickersonh0@comsenz.com,Male,6/29/2022,37978,SE2
614,Chrisse,McDonnell,cmcdonnellh1@businessweek.com,Male,9/9/2020,83788,SSE1
615,Pepi,Roxburgh,proxburghh2@slashdot.org,Female,1/24/2017,99931,Salers Manager
616,Binky,Oehm,boehmh3@buzzfeed.com,Male,11/26/2016,60697,Salers Manager
617,Shay,Delgardo,sdelgardoh4@flavors.me,Female,4/24/2015,89443,SSE1
618,Toby,Lensch,tlenschh5@addtoany.com,Female,10/27/2012,62944,SE1
619,Ruttger,Eassom,reassomh6@geocities.com,Male,11/20/2012,10574,SSE1
620,Rhonda,Rawle,rrawleh7@sakura.ne.jp,Female,9/14/2014,82231,SSE1
621,Erastus,Klarzynski,eklarzynskih8@amazonaws.com,Male,12/23/2013,16970,SE1
622,Rosalie,Beckitt,rbeckitth9@edublogs.org,Female,10/1/2019,38573,SE2
623,Ezmeralda,Cardall,ecardallha@twitter.com,Female,10/24/2015,70498,SSE2
624,Bartram,Muslim,bmuslimhb@symantec.com,Male,10/11/2014,77904,System Admin
625,Lloyd,Godleman,lgodlemanhc@goodreads.com,Male,9/5/2020,68279,SE2
626,Garner,Horribine,ghorribinehd@accuweather.com,Male,10/5/2014,26485,SE1
627,Ode,Standingford,ostandingfordhe@t-online.de,Male,4/23/2013,74030,Tech Lead
628,Crystal,Harcourt,charcourthf@youtu.be,Female,4/5/2021,75696,Salers Manager
629,Adair,Butter,abutterhg@gravatar.com,Male,1/21/2020,51560,System Admin
630,Lucie,Norkutt,lnorkutthh@usatoday.com,Female,10/20/2020,84990,Accountant
631,Monti,Ody,modyhi@rambler.ru,Male,11/30/2018,73223,SE2
632,Mabel,Knock,mknockhj@51.la,Female,12/26/2018,98006,SSE2
633,Krishnah,Gounel,kgounelhk@studiopress.com,Male,3/13/2017,48322,SE2
634,Bobbye,Germaine,bgermainehl@cafepress.com,Female,1/28/2019,90967,SSE1
635,Remus,Asplen,rasplenhm@google.co.uk,Male,3/20/2020,42188,Tech Lead
636,Jodee,Ovize,jovizehn@kickstarter.com,Female,7/28/2019,13387,Salers Manager
637,Marcelo,Kleinhaus,mkleinhausho@newsvine.com,Male,9/12/2016,12207,SE3
638,Tam,Holworth,tholworthhp@jalbum.net,Male,6/20/2015,59766,Salers Manager
639,Baudoin,Ive,bivehq@webmd.com,Male,9/23/2017,64359,SSE2
640,Wit,Winspeare,wwinspearehr@chicagotribune.com,Male,5/8/2019,65822,SE3
641,Malory,Kynd,mkyndhs@w3.org,Female,9/3/2020,74507,Tech Lead
642,Matelda,Hatje,mhatjeht@ft.com,Female,12/2/2016,20085,Team Manager
643,Boone,Thorley,bthorleyhu@elpais.com,Male,6/17/2013,70581,Team Manager
644,Chiarra,Hindenberger,chindenbergerhv@mozilla.org,Female,8/25/2015,96368,SSE1
645,Web,Wodham,wwodhamhw@prweb.com,Male,3/13/2022,63486,SE1
646,Tymothy,Aspinwall,taspinwallhx@paypal.com,Male,8/21/2020,56711,SE2
647,Tiertza,O'Fihily,tofihilyhy@admin.ch,Female,6/15/2015,37871,SE2
648,Jody,Henric,jhenrichz@omniture.com,Female,4/26/2021,75526,SE1
649,Jo-anne,Getch,jgetchi0@canalblog.com,Female,6/29/2019,53891,Accountant
650,Sig,Gosdin,sgosdini1@1und1.de,Male,5/31/2016,63229,Accountant
651,Diannne,Hammerton,dhammertoni2@intel.com,Female,2/18/2017,16414,Salers Manager
652,Misha,Syers,msyersi3@scientificamerican.com,Female,10/4/2021,38778,SE3
653,Lorant,Heintsch,lheintschi4@oaic.gov.au,Male,1/25/2021,32721,SE1
654,Brandon,Mecchi,bmecchii5@cmu.edu,Male,12/3/2014,98139,Accountant
655,Freddy,Ebdin,febdini6@twitter.com,Female,2/2/2020,80073,SE3
656,Milicent,Garie,mgariei7@va.gov,Female,1/21/2022,59831,Salers Manager
657,Annadiana,Davidov,adavidovi8@narod.ru,Female,5/5/2015,62053,SE3
658,Arri,Pyzer,apyzeri9@tinyurl.com,Male,8/18/2018,95203,SSE2
659,Barbey,Peirone,bpeironeia@taobao.com,Female,6/5/2014,89633,System Admin
660,Hillery,Extill,hextillib@lulu.com,Male,12/19/2016,59010,SE2
661,Morissa,Allmond,mallmondic@istockphoto.com,Female,5/14/2018,10054,Project Manager
662,Elnora,Cotelard,ecotelardid@drupal.org,Female,3/13/2021,32581,Tech Lead
663,Shelby,Mundee,smundeeie@ebay.co.uk,Male,10/18/2019,48196,SE3
664,Rene,Trusler,rtruslerif@e-recht24.de,Female,4/6/2018,66946,Tech Lead
665,Collin,Wise,cwiseig@blinklist.com,Male,9/23/2020,63051,Project Manager
666,Izzy,Tofpik,itofpikih@alexa.com,Male,10/15/2013,97951,Salers Manager
667,Virgie,Giraudat,vgiraudatii@techcrunch.com,Female,9/4/2017,40174,SE2
668,Nealy,Greguoli,ngreguoliij@angelfire.com,Male,7/8/2020,46336,Team Manager
669,Pepito,Gutman,pgutmanik@de.vu,Male,5/19/2022,65576,Project Manager
670,Winslow,Boyington,wboyingtonil@deviantart.com,Male,11/10/2019,68856,System Admin
671,Gerry,Garza,ggarzaim@weibo.com,Male,4/27/2017,15422,System Admin
672,Winifield,Jacobowits,wjacobowitsin@phpbb.com,Male,6/1/2022,17275,Project Manager
673,Alfie,Stanistrete,astanistreteio@china.com.cn,Male,3/17/2016,24258,Project Manager
674,Ly,Balogh,lbaloghip@hubpages.com,Male,6/15/2021,89573,Project Manager
675,Glynnis,Merredy,gmerredyiq@sfgate.com,Female,10/7/2014,49208,SSE2
676,Mirabel,Trevillion,mtrevillionir@nasa.gov,Female,9/6/2014,68454,SSE1
677,Hillie,Cady,hcadyis@blogtalkradio.com,Male,12/16/2016,78006,SE3
678,Ernie,Goshawke,egoshawkeit@bloglines.com,Male,10/19/2012,69706,SSE2
679,Slade,Maestrini,smaestriniiu@google.de,Male,11/5/2016,57138,SE1
680,Silvester,Fonteyne,sfonteyneiv@instagram.com,Male,2/17/2015,76289,SE2
681,Clarita,Bussen,cbusseniw@engadget.com,Female,,,
682,Mathew,Tidridge,mtidridgeix@unicef.org,Male,8/9/2022,48172,Salers Manager
683,Tadeo,Preble,tprebleiy@businesswire.com,Male,,,
684,Camille,McGloin,cmcgloiniz@washingtonpost.com,Female,11/14/2017,23486,SSE1
685,Judd,Skones,jskonesj0@answers.com,Male,12/14/2014,75567,SE2
686,Becka,Matterdace,bmatterdacej1@histats.com,Female,12/25/2021,56485,System Admin
687,Jed,Sever,jseverj2@issuu.com,Male,5/14/2022,19152,SE2
688,Hugues,O'Hickee,hohickeej3@telegraph.co.uk,Male,2/22/2018,57885,Project Manager
689,Kordula,Antham,kanthamj4@unesco.org,Female,5/16/2015,49590,System Admin
690,Garwood,Skermer,gskermerj5@ucla.edu,Male,7/18/2013,21693,Team Manager
691,Page,Vickerman,pvickermanj6@gnu.org,Male,1/1/2021,80329,Salers Manager
692,Perri,Collicott,pcollicottj7@nifty.com,Female,2/12/2014,72880,SSE1
693,Edie,Hambatch,ehambatchj8@cnn.com,Female,,,
694,Rhona,Arlow,rarlowj9@blinklist.com,Female,7/27/2016,27218,SE2
695,Frederic,Spillane,fspillaneja@usatoday.com,Male,1/9/2019,26149,SE1
696,Aurore,Lydall,alydalljb@independent.co.uk,Female,2/22/2013,22127,Tech Lead
697,Hattie,Bridden,hbriddenjc@creativecommons.org,Female,11/21/2014,98625,Team Manager
698,Zacharie,Jancik,zjancikjd@topsy.com,Male,10/24/2015,59602,Project Manager
699,Conny,Wixey,cwixeyje@ca.gov,Male,12/3/2018,87995,SE3
700,Lynea,Seivwright,lseivwrightjf@jigsy.com,Female,1/5/2013,77866,Tech Lead
701,Hanny,Collison,hcollisonjg@instagram.com,Female,5/25/2014,20648,Project Manager
702,Jocelin,Geaney,jgeaneyjh@free.fr,Female,4/14/2015,12777,SE2
703,Paten,Asals,pasalsji@ucla.edu,Male,5/20/2016,98051,Team Manager
704,Reeba,Bonsall,rbonsalljj@barnesandnoble.com,Female,10/20/2016,55826,Tech Lead
705,Christiana,Fedder,cfedderjk@123-reg.co.uk,Female,4/14/2015,14787,SE3
706,Augy,Mc Corley,amccorleyjl@bandcamp.com,Male,7/12/2020,40929,Team Manager
707,Darill,Ethington,dethingtonjm@clickbank.net,Male,2/13/2021,25500,Team Manager
708,Emilee,Orans,eoransjn@blog.com,Female,9/25/2022,63994,System Admin
709,Chicky,Mattusevich,cmattusevichjo@usatoday.com,Male,3/29/2016,36714,System Admin
710,Tymon,Calderbank,tcalderbankjp@oakley.com,Male,5/23/2017,29053,SSE1
711,Rainer,Jeram,rjeramjq@cbslocal.com,Male,2/4/2021,35730,Team Manager
712,Jerrie,Fattorini,jfattorinijr@sphinn.com,Male,7/24/2017,49441,System Admin
713,Derry,Davitashvili,ddavitashvilijs@elpais.com,Male,3/17/2016,20990,Project Manager
714,Gretel,Rookesby,grookesbyjt@so-net.ne.jp,Female,9/23/2017,23441,Team Manager
715,Ambrosio,Diggens,adiggensju@xrea.com,Male,,,
716,Whitman,Minto,wmintojv@illinois.edu,Male,9/18/2018,70104,SSE2
717,Traver,Lightollers,tlightollersjw@patch.com,Male,4/19/2017,23783,SE1
718,Georgie,Webb,gwebbjx@epa.gov,Male,10/22/2018,72576,SE2
719,Arabel,Wyllcocks,awyllcocksjy@creativecommons.org,Female,5/27/2020,44311,System Admin
720,Terence,Boik,tboikjz@arizona.edu,Male,3/18/2019,99877,SSE1
721,Sher,Lavall,slavallk0@umn.edu,Female,6/23/2014,56142,SE2
722,Zacharie,Braithwait,zbraithwaitk1@mediafire.com,Male,6/7/2018,89701,System Admin
723,Davon,Lukacs,dlukacsk2@ow.ly,Male,2/22/2019,79060,SSE1
724,Kasey,Leaver,kleaverk3@senate.gov,Female,4/5/2020,56813,Tech Lead
725,Del,Morrad,dmorradk4@prnewswire.com,Female,7/14/2018,26173,Tech Lead
726,Ilsa,Fernandes,ifernandesk5@toplist.cz,Female,4/10/2016,77801,SE1
727,Ashton,Snarie,asnariek6@fda.gov,Male,,,
728,Travis,Karus,tkarusk7@yolasite.com,Male,4/28/2017,45686,Accountant
729,Andie,Baudain,abaudaink8@fda.gov,Male,1/20/2014,18359,System Admin
730,Claudian,Mollindinia,cmollindiniak9@amazonaws.com,Male,6/7/2022,54422,Tech Lead
731,August,O'Lenane,aolenaneka@who.int,Male,1/26/2015,20726,Project Manager
732,Xaviera,Konzelmann,xkonzelmannkb@facebook.com,Female,1/18/2019,24260,SE1
733,Neala,Bamell,nbamellkc@aol.com,Female,3/3/2021,31399,SSE2
734,Vickie,Gerson,vgersonkd@java.com,Female,4/30/2013,98141,Tech Lead
735,Denys,Simakov,dsimakovke@myspace.com,Female,5/18/2014,45371,Project Manager
736,Daren,Kun,dkunkf@ca.gov,Male,1/14/2019,16505,SSE1
737,Kathryn,Tewkesberrie,ktewkesberriekg@cdc.gov,Female,11/15/2016,16088,System Admin
738,Angeline,Mellenby,amellenbykh@opensource.org,Female,3/24/2013,67651,Accountant
739,Brew,Matterdace,bmatterdaceki@addthis.com,Male,5/29/2015,49642,SE3
740,Vergil,Beards,vbeardskj@vistaprint.com,Male,2/24/2014,32916,SE1
741,Donella,Hearnaman,dhearnamankk@washington.edu,Female,6/6/2014,37972,Accountant
742,Ashley,Leishman,aleishmankl@aboutads.info,Female,5/27/2022,54718,Project Manager
743,Hugo,Letchmore,hletchmorekm@csmonitor.com,Male,6/27/2016,51346,Salers Manager
744,Bevvy,Schapiro,bschapirokn@fotki.com,Female,10/18/2021,60590,Tech Lead
745,Amie,Priestman,apriestmanko@hubpages.com,Female,11/14/2019,10499,Tech Lead
746,Emmy,Bendall,ebendallkp@g.co,Male,5/19/2022,73555,Accountant
747,Felix,Dabney,fdabneykq@spiegel.de,Male,11/6/2020,85067,SE1
748,Lyssa,Baselli,lbasellikr@weebly.com,Female,11/17/2018,68561,SE3
749,Simeon,Skellen,sskellenks@yandex.ru,Male,11/2/2020,84468,Tech Lead
750,Laurianne,Van der Merwe,lvandermerwekt@a8.net,Female,9/17/2019,50197,Salers Manager
751,Wendi,Grandin,wgrandinku@skyrock.com,Female,7/12/2016,23375,SSE2
752,Waylen,Keunemann,wkeunemannkv@usatoday.com,Male,11/1/2019,26199,Salers Manager
753,Selestina,Shearme,sshearmekw@blogspot.com,Female,4/14/2017,74669,SSE2
754,Jazmin,Cundey,jcundeykx@icq.com,Female,10/2/2018,56984,SSE2
755,Ailsun,Jacomb,ajacombky@bizjournals.com,Female,3/3/2014,50961,Project Manager
756,Bond,Klousner,bklousnerkz@google.com.br,Male,4/8/2020,86882,Tech Lead
757,Andria,Geertje,ageertjel0@dedecms.com,Female,12/31/2016,88057,SSE2
758,Syd,Wileman,swilemanl1@loc.gov,Male,6/7/2016,33873,Tech Lead
759,Elsinore,Lindblom,elindbloml2@sphinn.com,Female,2/6/2013,18610,Accountant
760,Rhianon,Arzu,rarzul3@google.es,Female,4/12/2019,50993,SE3
761,Giovanni,Scawn,gscawnl4@slideshare.net,Male,3/18/2021,27719,SE1
762,Kimbell,Percy,kpercyl5@istockphoto.com,Male,3/1/2015,80506,SSE2
763,Jarrid,Rubinovitch,jrubinovitchl6@edublogs.org,Male,7/18/2014,70672,SE2
764,Ryan,Joel,rjoell7@blogs.com,Male,11/8/2014,89928,Salers Manager
765,Junette,Morville,jmorvillel8@tmall.com,Female,6/19/2021,10790,Team Manager
766,Donaugh,Lett,dlettl9@nhs.uk,Male,6/3/2022,28809,SSE2
767,Rodney,Buxton,rbuxtonla@umich.edu,Male,6/9/2019,51973,SE3
768,Miguelita,Fotherby,mfotherbylb@nps.gov,Female,9/10/2018,63823,Team Manager
769,Tully,Reimers,treimerslc@google.it,Male,1/30/2014,21025,SE2
770,Mal,O'Shea,mosheald@tiny.cc,Male,7/14/2020,58090,SSE2
771,Ax,MacMorland,amacmorlandle@list-manage.com,Male,9/5/2013,87309,SSE2
772,Aubine,Kimbley,akimbleylf@1und1.de,Female,12/3/2017,18674,SE3
773,Stuart,Olyff,solyfflg@netscape.com,Male,4/17/2017,10070,Tech Lead
774,Sharia,Geering,sgeeringlh@acquirethisname.com,Female,2/8/2014,88691,SSE1
775,Quinlan,Andrat,qandratli@europa.eu,Male,12/28/2017,24157,Team Manager
776,Brandais,Laite,blaitelj@spiegel.de,Female,1/17/2018,48390,Project Manager
777,Pattin,Goalley,pgoalleylk@smugmug.com,Male,6/17/2013,14787,Accountant
778,Tonye,Gervaise,tgervaisell@csmonitor.com,Female,3/14/2016,15985,System Admin
779,Rasia,Bottrill,rbottrilllm@live.com,Female,3/8/2019,94997,SE1
780,Arty,McGreay,amcgreayln@washington.edu,Male,11/10/2020,55460,System Admin
781,Aryn,Narup,anaruplo@i2i.jp,Female,8/13/2020,14410,SSE1
782,Orel,Vasovic,ovasoviclp@hugedomains.com,Female,6/10/2021,16423,SE2
783,Duffy,Faley,dfaleylq@mozilla.org,Male,5/6/2022,27080,SE1
784,Cherilynn,Dosedale,cdosedalelr@linkedin.com,Female,2/4/2015,53619,Tech Lead
785,Aurore,Trouel,atrouells@youtu.be,Female,5/7/2016,18809,Salers Manager
786,Britta,Lugden,blugdenlt@drupal.org,Female,11/28/2015,27512,SE2
787,Devin,Doey,ddoeylu@mtv.com,Female,10/3/2018,29700,SE3
788,Elberta,Kinnett,ekinnettlv@quantcast.com,Female,9/14/2020,46626,SE3
789,Dante,Bliben,dblibenlw@thetimes.co.uk,Male,10/31/2016,10343,Tech Lead
790,Kandace,Gauler,kgaulerlx@t-online.de,Female,1/18/2022,96810,SE1
791,Lennie,Riddeough,lriddeoughly@netlog.com,Male,4/23/2018,37502,SE1
792,Bram,Mayhow,bmayhowlz@parallels.com,Male,2/22/2020,67500,SSE2
793,Ira,Foxten,ifoxtenm0@engadget.com,Male,12/3/2014,98463,Project Manager
794,Tadd,Rase,trasem1@posterous.com,Male,9/20/2014,15096,SSE2
795,Randa,Pedroni,rpedronim2@abc.net.au,Female,6/20/2013,64493,System Admin
796,Florina,Relf,frelfm3@nhs.uk,Female,11/13/2017,73427,Tech Lead
797,Ranique,Perin,rperinm4@biblegateway.com,Female,9/20/2020,55768,Tech Lead
798,Ivie,Chancelier,ichancelierm5@vk.com,Female,9/26/2021,45756,SSE2
799,Buffy,Bosdet,bbosdetm6@tamu.edu,Female,10/2/2016,43512,SE2
800,Lilly,Bauld,lbauldm7@surveymonkey.com,Female,3/16/2019,13602,Accountant
801,Gib,Comellini,gcomellinim8@alexa.com,Male,1/13/2021,52220,SSE2
802,Camilla,Pill,cpillm9@eventbrite.com,Female,1/7/2020,23021,Accountant
803,Katerina,Lillow,klillowma@thetimes.co.uk,Female,5/18/2022,14078,Salers Manager
804,Bobbye,Mayor,bmayormb@seattletimes.com,Female,4/15/2014,79267,Salers Manager
805,Clari,Nutton,cnuttonmc@theglobeandmail.com,Female,3/29/2018,82921,SE1
806,Woodrow,Gowanson,wgowansonmd@ow.ly,Male,10/28/2012,71576,Team Manager
807,Domingo,Verriour,dverriourme@alexa.com,Male,6/2/2016,48200,SE3
808,Rikki,Benneton,rbennetonmf@i2i.jp,Male,12/16/2015,86968,Salers Manager
809,Kelvin,Clemonts,kclemontsmg@google.co.jp,Male,12/21/2014,38876,Tech Lead
810,Geoffrey,Bachellier,gbachelliermh@latimes.com,Male,2/25/2014,40353,Tech Lead
811,Butch,Bergstram,bbergstrammi@pinterest.com,Male,8/21/2018,80841,SSE2
812,Vernor,Guenther,vguenthermj@aol.com,Male,2/22/2017,19261,System Admin
813,Gene,Perigeaux,gperigeauxmk@shareasale.com,Female,2/12/2019,77433,Salers Manager
814,Selig,Crichton,scrichtonml@ocn.ne.jp,Male,9/19/2016,63404,Team Manager
815,Arleen,Shand,ashandmm@si.edu,Female,10/7/2016,59196,SE2
816,Skipp,Brandacci,sbrandaccimn@unblog.fr,Male,11/22/2017,73660,SSE1
817,Elysee,Blatchford,eblatchfordmo@webnode.com,Female,5/13/2022,31685,SE3
818,Gun,Carberry,gcarberrymp@drupal.org,Male,2/5/2017,58989,SE2
819,Edd,Fass,efassmq@soup.io,Male,5/22/2018,10269,SSE2
820,Joyce,Escott,jescottmr@nifty.com,Female,1/17/2018,47835,Salers Manager
821,Levin,Garlant,lgarlantms@irs.gov,Male,7/12/2022,70349,SE1
822,Deeyn,Greveson,dgrevesonmt@booking.com,Female,7/4/2017,86686,Salers Manager
823,Blinnie,Spriggin,bsprigginmu@noaa.gov,Female,11/18/2019,51659,Team Manager
824,Ariela,Jirak,ajirakmv@wikipedia.org,Female,7/24/2016,35421,Project Manager
825,Ali,Wanderschek,awanderschekmw@bluehost.com,Male,2/15/2020,96030,SE2
826,Ninon,Dabinett,ndabinettmx@yahoo.com,Female,5/13/2022,88587,Tech Lead
827,Aldon,McCrae,amccraemy@storify.com,Male,1/30/2019,88243,SE3
828,Pietra,Grogona,pgrogonamz@slideshare.net,Female,4/19/2018,13893,Project Manager
829,Viviana,Barnewell,vbarnewelln0@vkontakte.ru,Female,4/7/2013,27369,SSE2
830,Dacie,Drane,ddranen1@zdnet.com,Female,7/13/2018,17276,SSE1
831,Malina,Tomczykowski,mtomczykowskin2@mlb.com,Female,9/24/2022,86054,SE1
832,Gelya,Kensett,gkensettn3@etsy.com,Female,8/22/2018,15807,SE2
833,North,Robiou,nrobioun4@acquirethisname.com,Male,3/30/2020,18054,SE2
834,Donnie,Gavin,dgavinn5@hhs.gov,Female,7/15/2022,68685,Team Manager
835,Cchaddie,Lube,cluben6@ted.com,Male,8/14/2015,81202,Team Manager
836,Shayne,Mildner,smildnern7@so-net.ne.jp,Female,9/5/2013,84930,SE1
837,Gunilla,Bettesworth,gbettesworthn8@ocn.ne.jp,Female,11/8/2012,71764,SSE2
838,Xaviera,De Francesco,xdefrancescon9@nymag.com,Female,11/23/2020,77886,Project Manager
839,Flossie,Caselick,fcaselickna@nih.gov,Female,11/9/2012,92639,Accountant
840,Dominique,Catterson,dcattersonnb@qq.com,Male,11/15/2012,91853,System Admin
841,Kristen,Elvey,kelveync@buzzfeed.com,Female,3/18/2022,29069,SSE2
842,Damien,Audenis,daudenisnd@cisco.com,Male,12/8/2016,81538,Project Manager
843,Redd,Checo,rchecone@flavors.me,Male,11/28/2014,98743,SSE2
844,Kimbell,Van Dalen,kvandalennf@slate.com,Male,11/20/2016,75562,SSE1
845,Franz,Thurnham,fthurnhamng@engadget.com,Male,3/21/2022,84570,SE3
846,Loren,Blackie,lblackienh@hhs.gov,Male,2/26/2013,15852,Accountant
847,Rusty,Fendt,rfendtni@amazon.co.jp,Male,10/20/2018,20916,Tech Lead
848,Duke,Dabernott,ddabernottnj@theatlantic.com,Male,4/3/2017,60554,SE3
849,Redford,Nowill,rnowillnk@eventbrite.com,Male,12/30/2017,20832,Project Manager
850,Dew,Linwood,dlinwoodnl@marriott.com,Male,11/8/2014,75118,System Admin
851,Willdon,Claringbold,wclaringboldnm@surveymonkey.com,Male,10/27/2013,59165,Tech Lead
852,Erna,Maddie,emaddienn@sakura.ne.jp,Female,3/28/2021,51289,SE3
853,Ermengarde,Neesam,eneesamno@hatena.ne.jp,Female,3/9/2020,37986,SSE1
854,Bartolemo,Girardez,bgirardeznp@latimes.com,Male,12/20/2021,83706,Project Manager
855,Nickolas,Kennelly,nkennellynq@wunderground.com,Male,3/15/2020,19925,Accountant
856,Shaine,Teaser,steasernr@topsy.com,Female,4/3/2016,59798,Team Manager
857,Mal,Pirdy,mpirdyns@blogger.com,Male,10/15/2019,17733,Tech Lead
858,Farly,MacCosty,fmaccostynt@acquirethisname.com,Male,2/5/2017,92416,Accountant
859,Nilson,Saer,nsaernu@npr.org,Male,8/9/2018,92479,Salers Manager
860,Mylo,O'Hogertie,mohogertienv@smh.com.au,Male,10/15/2017,77655,Tech Lead
861,Elsa,Streak,estreaknw@a8.net,Female,10/27/2020,53456,System Admin
862,Conrade,Swaisland,cswaislandnx@acquirethisname.com,Male,6/24/2014,55037,Tech Lead
863,Gaultiero,Gabey,ggabeyny@w3.org,Male,9/28/2017,71269,SE3
864,Rosemonde,Courtney,rcourtneynz@google.ru,Female,10/7/2020,58776,System Admin
865,Brand,Antonomolii,bantonomoliio0@paypal.com,Male,3/27/2016,18925,SSE2
866,Mayor,Western,mwesterno1@ca.gov,Male,10/18/2014,63774,Accountant
867,Norah,Gladtbach,ngladtbacho2@xinhuanet.com,Female,1/29/2013,13066,SSE2
868,Anastasia,Jakubski,ajakubskio3@oakley.com,Female,11/15/2012,25478,System Admin
869,Doloritas,Basindale,dbasindaleo4@toplist.cz,Female,3/18/2019,85970,Team Manager
870,Louie,McIan,lmciano5@bizjournals.com,Male,2/19/2018,56615,Salers Manager
871,Godfry,Cannicott,gcannicotto6@themeforest.net,Male,2/21/2014,81901,SSE1
872,Kendrick,Cossentine,kcossentineo7@liveinternet.ru,Male,6/24/2018,48137,SE3
873,Warren,Martinec,wmartineco8@biblegateway.com,Male,3/29/2014,60884,SSE2
874,Haily,Tesseyman,htesseymano9@wufoo.com,Female,8/30/2021,54190,System Admin
875,Nerty,Emberton,nembertonoa@irs.gov,Female,11/6/2019,78131,Salers Manager
876,Shaina,Chrystie,schrystieob@histats.com,Female,2/8/2021,19524,Salers Manager
877,Dominik,Ghiroldi,dghiroldioc@nba.com,Male,11/5/2015,35542,System Admin
878,Diana,Bestwall,dbestwallod@weather.com,Female,1/25/2014,58997,SE1
879,Perkin,Dener,pdeneroe@wikia.com,Male,9/17/2019,87384,SSE1
880,Decca,Dawdary,ddawdaryof@skype.com,Male,11/12/2019,41003,SE1
881,Manda,Roger,mrogerog@cdc.gov,Female,5/11/2021,90763,SE1
882,Ameline,Copland,acoplandoh@uol.com.br,Female,4/21/2017,75568,Project Manager
883,Evey,Abbis,eabbisoi@gov.uk,Female,8/28/2015,98745,SE2
884,Homere,Mabbutt,hmabbuttoj@devhub.com,Male,4/27/2014,16247,SE1
885,Sunshine,Offer,sofferok@google.fr,Female,6/25/2016,66988,Project Manager
886,Willi,Coldbathe,wcoldbatheol@techcrunch.com,Male,2/7/2015,63247,Tech Lead
887,Inger,Semper,isemperom@cloudflare.com,Male,7/30/2019,95115,SSE1
888,Cece,Selwin,cselwinon@jalbum.net,Male,6/25/2015,40722,Accountant
889,Ethelyn,Micklewright,emicklewrightoo@arizona.edu,Female,2/28/2019,94365,Tech Lead
890,Cord,Howey,choweyop@blogs.com,Male,10/4/2021,22323,SE3
891,Taffy,Garret,tgarretoq@ucoz.com,Female,1/11/2014,90844,System Admin
892,Jacquelin,Pryell,jpryellor@dion.ne.jp,Female,,,
893,Aurthur,Gooday,agoodayos@comsenz.com,Male,12/7/2016,58852,SE1
894,Goran,Squier,gsquierot@indiatimes.com,Male,3/9/2019,41042,SE3
895,Scottie,Ondrak,sondrakou@wikipedia.org,Male,6/26/2015,11330,SSE2
896,Saul,Craufurd,scraufurdov@spiegel.de,Male,7/25/2020,94258,Accountant
897,Berenice,Gerg,bgergow@senate.gov,Female,7/11/2013,13182,Salers Manager
898,Marice,Pallaske,mpallaskeox@illinois.edu,Female,5/31/2018,28743,SE3
899,Dyanne,Kubyszek,dkubyszekoy@springer.com,Female,1/18/2020,36097,Salers Manager
900,Georgena,Wingfield,gwingfieldoz@cdbaby.com,Female,11/13/2016,24233,Team Manager
901,Andria,Smalls,asmallsp0@ning.com,Female,10/8/2021,67030,Team Manager
902,Burtie,Grzesiak,bgrzesiakp1@blogtalkradio.com,Male,10/5/2016,90165,Project Manager
903,Amara,McCuthais,amccuthaisp2@goo.gl,Female,7/14/2014,80004,SSE1
904,Penn,Satchell,psatchellp3@patch.com,Male,12/25/2020,13649,Salers Manager
905,Jaime,Brotherick,jbrotherickp4@howstuffworks.com,Male,6/13/2022,49621,Project Manager
906,Amory,Springett,aspringettp5@nydailynews.com,Male,8/26/2017,67183,Salers Manager
907,Fania,Renfree,frenfreep6@blogger.com,Female,10/31/2016,66282,SSE2
908,Darla,Ughi,dughip7@un.org,Female,10/23/2014,36304,System Admin
909,Uriel,Vannucci,uvannuccip8@bbc.co.uk,Male,9/20/2022,39108,Accountant
910,Sonny,Conibere,sconiberep9@cdbaby.com,Female,9/10/2015,61999,System Admin
911,Ambrosius,Pride,apridepa@vkontakte.ru,Male,7/26/2016,68624,Accountant
912,Keary,Chatt,kchattpb@freewebs.com,Male,10/27/2012,58939,Team Manager
913,Ethelda,Whitlam,ewhitlampc@reference.com,Female,1/15/2018,31190,SSE1
914,Karita,Weson,kwesonpd@cargocollective.com,Female,9/29/2015,40298,Accountant
915,Nico,Stansbury,nstansburype@jimdo.com,Male,11/20/2019,50739,SE3
916,Denyse,Poulgreen,dpoulgreenpf@berkeley.edu,Female,1/28/2019,83177,Accountant
917,Wilmette,Northwood,wnorthwoodpg@washington.edu,Female,10/1/2021,64801,Salers Manager
918,Ilyse,Scotson,iscotsonph@mapquest.com,Female,,,
919,Carree,Brownsey,cbrownseypi@imdb.com,Female,3/4/2022,29665,SE1
920,Andreana,Delgua,adelguapj@cbc.ca,Female,2/17/2019,52440,SE1
921,Burch,Shewring,bshewringpk@youku.com,Male,11/14/2014,59230,Project Manager
922,Alleen,January 1st,ajanuarystpl@go.com,Female,11/22/2020,21533,SSE2
923,Morton,Barnardo,mbarnardopm@irs.gov,Male,6/8/2020,68017,Accountant
924,Marybelle,Channer,mchannerpn@sbwire.com,Female,4/7/2022,91303,SE2
925,Jarrad,Clemo,jclemopo@vimeo.com,Male,6/16/2016,71470,SSE1
926,Kort,Constance,kconstancepp@studiopress.com,Male,3/6/2021,45350,Accountant
927,Nadean,Broadey,nbroadeypq@odnoklassniki.ru,Female,7/10/2016,43633,Tech Lead
928,Sergei,Giorgetti,sgiorgettipr@yelp.com,Male,12/19/2015,46547,SSE2
929,Muffin,Gowing,mgowingps@skype.com,Male,8/27/2014,77493,Team Manager
930,Lee,Kyles,lkylespt@hatena.ne.jp,Female,3/3/2015,90553,SE2
931,Dunn,Otton,dottonpu@vistaprint.com,Male,3/28/2015,57561,SE1
932,Valentine,Aulton,vaultonpv@oakley.com,Female,1/1/2020,86323,Accountant
933,Sloan,Sybry,ssybrypw@wiley.com,Male,2/17/2013,24982,SSE1
934,Justinn,Paff,jpaffpx@hubpages.com,Female,2/24/2017,13254,SSE1
935,Allyn,Olfert,aolfertpy@upenn.edu,Male,5/31/2017,81601,SSE1
936,Claudius,Rimmer,crimmerpz@gov.uk,Male,11/5/2012,87933,Team Manager
937,Fayina,Playford,fplayfordq0@last.fm,Female,2/8/2016,51743,SSE1
938,Pandora,Bosma,pbosmaq1@elpais.com,Female,1/13/2021,12714,Project Manager
939,De,Andriveau,dandriveauq2@deviantart.com,Female,,,
940,Kingsly,Gloucester,kgloucesterq3@infoseek.co.jp,Male,1/12/2019,59852,SSE1
941,Ema,Weben,ewebenq4@list-manage.com,Female,11/19/2018,47982,System Admin
942,Jeanette,Kelso,jkelsoq5@devhub.com,Female,10/11/2020,71456,SE2
943,Perri,Burnep,pburnepq6@unicef.org,Female,3/21/2014,96269,System Admin
944,Evonne,Twamley,etwamleyq7@mtv.com,Female,12/20/2017,99588,Project Manager
945,Devinne,Casemore,dcasemoreq8@behance.net,Female,2/27/2016,53036,System Admin
946,Zaneta,Peggram,zpeggramq9@plala.or.jp,Female,2/26/2017,23100,SSE2
947,Merrill,Faughny,mfaughnyqa@deviantart.com,Female,6/30/2022,38308,Accountant
948,Sonni,Sarch,ssarchqb@youku.com,Female,12/20/2018,19114,Tech Lead
949,Cori,Giral,cgiralqc@hao123.com,Female,,,
950,Murial,Lockhart,mlockhartqd@ezinearticles.com,Female,10/17/2013,43444,Tech Lead
951,Jack,Pley,jpleyqe@123-reg.co.uk,Male,2/25/2021,56015,SE3
952,Elvina,Bonnyson,ebonnysonqf@oakley.com,Female,7/16/2018,89129,SE1
953,Wynn,Cottel,wcottelqg@cpanel.net,Male,12/25/2017,65686,Project Manager
954,Eberto,Surr,esurrqh@pinterest.com,Male,6/26/2016,16522,System Admin
955,Georgi,McDonnell,gmcdonnellqi@jalbum.net,Male,11/15/2017,59027,Team Manager
956,Reinald,Mangion,rmangionqj@i2i.jp,Male,12/15/2019,71448,SE2
957,Ameline,Fitzharris,afitzharrisqk@so-net.ne.jp,Female,8/22/2015,57187,SE2
958,Nelie,Luety,nluetyql@163.com,Female,7/22/2019,76634,SSE2
959,Penrod,Larrat,plarratqm@ox.ac.uk,Male,12/17/2015,61487,Team Manager
960,Salaidh,Keable,skeableqn@businessinsider.com,Female,9/7/2014,69900,SE3
961,Aloise,Teers,ateersqo@gnu.org,Female,12/9/2014,70524,Team Manager
962,Sansone,Birchenough,sbirchenoughqp@google.de,Male,7/22/2013,96522,System Admin
963,Irene,Rendall,irendallqq@discuz.net,Female,10/6/2015,40236,Tech Lead
964,Leda,Ostler,lostlerqr@tmall.com,Female,4/7/2017,73908,SSE1
965,Con,Blankau,cblankauqs@odnoklassniki.ru,Male,3/15/2021,79104,SE2
966,Kippie,Hilhouse,khilhouseqt@cloudflare.com,Male,6/21/2014,38439,Team Manager
967,Kevan,Bachshell,kbachshellqu@github.com,Male,6/10/2021,65015,System Admin
968,Derrik,Jaszczak,djaszczakqv@youku.com,Male,7/1/2017,99348,Salers Manager
969,Giff,Fiddler,gfiddlerqw@businesswire.com,Male,12/25/2017,56992,SSE1
970,Randie,Debrick,rdebrickqx@ucsd.edu,Female,4/25/2016,88681,Salers Manager
971,Skipper,Packington,spackingtonqy@buzzfeed.com,Male,3/10/2021,64514,Accountant
972,Torrance,Swannick,tswannickqz@buzzfeed.com,Male,,,
973,Llewellyn,Iwaszkiewicz,liwaszkiewiczr0@oakley.com,Male,4/17/2019,59398,Salers Manager
974,Thor,Mableson,tmablesonr1@google.fr,Male,,,
975,Kin,Watchorn,kwatchornr2@apple.com,Male,1/11/2015,45941,Project Manager
976,Yale,Crampsey,ycrampseyr3@youku.com,Male,2/26/2015,47570,SSE2
977,Dulciana,Vlasyev,dvlasyevr4@sciencedaily.com,Female,3/3/2017,34608,Project Manager
978,Geno,Meeland,gmeelandr5@people.com.cn,Male,4/12/2015,90932,Team Manager
979,Forrester,Seville,fseviller6@aboutads.info,Male,8/31/2021,34491,SE3
980,Millard,Pellingar,mpellingarr7@bravesites.com,Male,8/24/2014,58965,Team Manager
981,Kenon,Egar,kegarr8@addtoany.com,Male,10/5/2022,75080,SE2
982,Olva,Ambrosini,oambrosinir9@uiuc.edu,Female,12/12/2021,58823,Project Manager
983,Zacherie,Fellnee,zfellneera@dion.ne.jp,Male,7/3/2014,71776,Tech Lead
984,Hilarius,Bernadzki,hbernadzkirb@umich.edu,Male,10/2/2018,19869,SE3
985,Donny,MacEllen,dmacellenrc@csmonitor.com,Male,10/8/2013,29919,System Admin
986,Eileen,Greyes,egreyesrd@webmd.com,Female,5/18/2013,96949,SSE1
987,Finn,Batts,fbattsre@webs.com,Male,2/1/2019,43448,SSE1
988,Alexandr,Matzkaitis,amatzkaitisrf@ehow.com,Male,3/31/2021,96639,System Admin
989,Nollie,Kemp,nkemprg@wordpress.org,Female,12/7/2019,68873,Team Manager
990,Blondy,Axtell,baxtellrh@pen.io,Female,11/7/2021,92888,Team Manager
991,Tristam,Canning,tcanningri@youtube.com,Male,1/22/2019,82372,System Admin
992,Randy,Gueinn,rgueinnrj@columbia.edu,Female,6/3/2020,57636,SSE1
993,Asa,Nutter,anutterrk@hostgator.com,Male,2/17/2017,16560,System Admin
994,Rosina,Cunney,rcunneyrl@virginia.edu,Female,4/27/2020,51578,Team Manager
995,Deerdre,Witherden,dwitherdenrm@flickr.com,Female,8/8/2019,44518,SSE2
996,Boothe,Crunkhorn,bcrunkhornrn@jugem.jp,Male,5/5/2014,82538,Tech Lead
997,Wade,Leese,wleesero@live.com,Male,11/2/2017,68817,SE2
998,Goldy,Deelay,gdeelayrp@kickstarter.com,Female,6/1/2019,46013,SE1
999,Ameline,Minker,aminkerrq@loc.gov,Female,3/8/2020,70382,SE2
1000,Trevar,Consadine,tconsadinerr@netvibes.com,Male,6/7/2019,76260,SE1
